Site,WY,Month,Acari,Aeshnidae,Ameletidae,Amphipoda,Amphizoidae,Apataniidae,Arctopsychinae,Athericidae,Baetidae,Belostomatidae,Blephariceridae,Brachycentridae,Caenidae,Calamoceratidae,Calopterygidae,Capniidae,Ceratopogonidae,Chironomidae,Chloroperlidae,Cladocera,Coenagrionidae,Copepoda,Cordulegastridae,Corduliidae,Corydalidae,Decapoda,Dixidae,Dryopidae,Dytiscidae,Elmidae,Empididae,Ephemerellidae,Ephemeridae,Ephydridae,Gastropoda,Glossosomatidae,Gomphidae,Haliplidae,Helicopsychidae,Heptageniidae,Hirudunea,Hydraenidae,Hydrophilidae,Hydropsychidae,Hydroptilidae,Isonychiidae,Lepidostomatidae,Leptoceridae,Leptohyphidae,Leptophlebiidae,Leuctridae,Libellulidae,Limnephilidae,Naucoridae,Nematoda,Nematomorpha,Nemertea,Nemouridae,Odontoceridae,Oligochaeta,Ostracoda,Pelecypoda,Peltoperlidae,Perlidae,Perlodidae,Philopotamidae,Polycentropodidae,Psephenidae,Psychodidae,Psychomyiidae,Pteronarcyidae,Ptilodactylidae,Pyralidae,Rhyacophilidae,Sericostomatidae,Sialidae,Simuliidae,Siphlonuridae,Stratiomyidae,Tabanidae,Tipulidae,Turbellaria,Uenoidae,Unknown,Veliidae
1,2001,6,9,0,5,0,0,0,0,0,18,0,0,1,0,0,0,0,0,58,1,0,0,0,0,0,10,0,0,0,0,13,0,15,0,0,0,4,0,0,0,103,0,0,0,14,0,0,0,0,0,3,4,0,0,0,0,0,0,2,0,22,0,0,0,3,0,0,4,0,0,0,0,0,0,3,0,0,0,0,0,0,2,0,0,0,0
1,2001,11,0,0,0,0,0,0,0,0,3,0,1,1,0,0,0,0,0,0,2,0,0,0,0,0,1,0,0,0,0,3,0,12,0,0,0,9,0,0,0,78,0,0,0,5,0,0,0,0,0,14,0,0,0,0,0,0,0,1,0,2,0,0,0,1,3,0,2,0,0,0,0,0,0,1,0,0,0,0,0,0,0,0,0,6,0
1,2002,6,32,0,1,0,0,0,0,0,30,0,0,0,0,0,0,0,0,83,2,0,0,0,0,0,4,0,0,0,0,7,0,12,0,0,0,0,0,0,0,101,0,0,0,13,0,0,1,0,0,2,0,0,0,0,0,0,0,9,0,4,0,0,0,5,1,7,0,0,0,0,0,0,0,1,0,0,10,0,0,0,0,2,0,0,0
1,2003,6,0,0,0,0,0,0,0,0,17,0,0,0,0,0,0,0,0,109,0,0,0,0,0,0,0,0,0,0,0,19,0,0,0,0,0,9,0,0,0,0,0,0,0,19,0,0,0,0,0,0,0,0,0,0,0,0,0,0,0,4,0,0,0,0,1,62,0,0,0,0,0,0,0,7,0,0,1,0,0,0,0,0,0,0,0
1,2003,10,77,0,0,0,0,0,0,0,18,0,0,3,0,0,0,0,0,33,6,0,0,0,0,0,9,0,0,0,0,52,0,37,0,0,0,15,2,0,0,105,0,0,0,44,0,0,2,0,2,6,2,0,3,0,0,0,0,7,0,71,0,0,1,2,2,7,0,0,0,0,0,0,0,2,0,0,0,0,0,0,0,1,0,0,0
1,2004,6,4,0,11,0,0,0,7,0,19,0,0,0,0,0,0,1,0,43,0,0,0,0,0,0,7,0,0,0,0,33,0,10,0,0,0,7,0,0,0,103,0,0,0,13,0,0,0,0,0,3,2,0,8,0,0,0,0,4,1,5,0,0,0,10,1,5,0,0,0,0,0,0,0,5,0,0,9,0,0,0,0,1,0,0,0
1,2004,10,15,0,0,0,0,0,0,0,58,0,0,18,0,0,0,0,0,36,3,0,0,0,0,0,2,0,0,0,0,17,0,18,0,0,3,6,0,0,0,128,0,0,0,65,0,0,2,0,0,7,1,0,4,0,2,0,0,21,0,30,0,1,0,6,0,0,0,0,0,0,0,0,0,9,0,0,35,0,0,1,0,6,0,0,0
1,2005,6,5,0,2,0,0,2,5,0,88,0,0,1,0,0,0,0,0,64,3,0,0,0,0,0,4,0,0,0,0,32,0,16,0,0,0,5,0,0,0,198,0,0,0,7,0,0,0,0,0,0,0,0,0,0,1,0,0,22,0,3,0,0,0,31,0,11,0,1,0,0,0,0,0,13,0,0,2,0,0,0,2,0,0,0,0
1,2005,10,5,0,4,0,0,0,0,0,17,0,0,1,0,1,0,2,0,20,11,0,0,0,0,0,0,0,0,0,0,40,0,7,0,0,0,47,1,0,0,106,0,0,0,24,0,0,53,0,0,35,3,0,0,0,0,0,0,13,0,47,0,0,0,3,0,8,0,0,0,0,0,0,0,2,12,2,5,0,0,0,0,0,0,0,0
1,2006,6,4,0,11,0,0,0,0,0,10,0,0,0,0,0,0,0,0,34,0,0,0,0,0,0,2,0,0,0,0,0,0,9,0,0,0,0,0,0,0,28,0,0,0,2,0,0,3,0,0,10,1,0,0,0,0,0,0,4,0,2,0,0,0,10,1,0,0,0,0,0,0,0,0,1,2,0,0,0,0,0,2,3,0,0,0
1,2006,10,2,0,15,0,0,0,0,0,28,0,0,2,0,5,0,4,0,47,8,0,0,0,1,0,4,0,0,0,0,42,1,34,0,0,1,12,1,0,0,53,0,0,0,33,2,0,103,0,1,39,3,0,1,0,1,0,1,0,0,15,0,0,0,10,2,0,1,0,0,0,0,0,0,2,19,2,1,0,0,0,0,1,0,0,0
1,2007,6,8,0,10,0,0,0,2,0,45,0,0,5,0,0,0,0,0,64,0,0,0,0,0,0,2,0,0,0,0,23,2,37,0,0,0,22,0,0,0,199,0,0,0,7,0,0,1,0,0,7,0,0,12,0,0,0,0,4,0,6,0,0,0,28,0,1,0,0,0,0,0,0,0,1,1,0,0,0,0,0,2,4,0,0,0
1,2007,10,11,0,0,0,0,0,9,0,77,0,0,6,0,0,0,3,0,52,10,0,0,0,0,0,0,0,0,0,0,17,1,34,0,0,0,5,0,0,0,169,0,0,0,24,0,0,0,0,0,21,0,1,0,0,0,0,0,7,0,4,0,0,0,9,5,0,0,0,0,0,0,0,0,8,0,0,31,0,0,0,1,0,0,0,0
1,2008,6,11,0,0,0,0,0,6,0,37,0,0,1,0,0,0,0,0,65,4,0,0,0,0,0,7,0,0,0,0,40,1,9,0,0,0,2,0,0,0,170,0,0,0,5,0,0,0,0,0,3,0,0,3,0,0,0,1,13,0,6,0,0,0,53,0,1,0,0,0,0,1,0,0,6,0,0,50,0,0,0,0,1,5,0,0
1,2008,10,3,0,0,0,0,0,8,0,24,0,0,7,0,1,0,0,0,10,2,0,0,0,0,0,2,0,0,0,0,28,5,17,0,0,0,66,0,0,0,122,0,0,0,17,0,0,2,0,0,8,1,0,0,0,1,0,0,6,0,27,0,0,1,4,5,12,0,1,0,0,0,0,0,5,0,0,18,0,0,0,0,0,0,2,0
1,2009,6,33,0,4,0,0,0,2,0,80,0,0,0,0,0,0,0,0,48,2,0,0,0,0,0,1,0,0,0,0,42,2,32,0,0,1,1,0,0,0,146,0,0,0,7,0,0,2,0,0,2,0,0,10,0,1,0,1,33,0,9,0,0,1,18,0,12,0,3,0,0,0,0,0,3,0,0,2,0,0,0,2,2,0,1,0
1,2009,10,4,0,0,0,0,1,29,0,65,0,0,6,0,0,0,0,0,11,4,0,0,0,0,0,6,0,0,0,0,30,0,9,0,0,0,9,0,0,0,141,0,0,0,48,0,0,17,0,0,10,0,0,0,0,0,0,0,26,0,8,0,1,0,11,2,15,0,1,0,0,1,0,0,5,0,0,38,0,0,0,0,3,0,0,0
1,2010,6,7,0,23,0,0,0,0,0,39,0,0,1,0,0,0,1,0,77,2,0,0,0,0,0,11,0,0,0,0,13,2,41,0,0,0,1,0,0,0,168,0,0,0,12,0,0,15,0,0,12,0,0,4,0,1,0,1,12,0,24,0,3,0,15,0,10,0,0,1,0,1,0,0,2,1,0,1,0,0,0,0,4,0,1,0
1,2010,10,3,0,2,0,0,2,26,0,74,0,0,6,0,0,0,0,0,13,1,0,0,0,0,0,6,0,0,0,0,44,1,18,0,0,0,18,0,0,0,143,0,0,0,34,1,0,9,0,0,7,0,0,0,0,0,0,2,11,0,0,0,0,0,7,1,6,0,0,0,0,0,0,0,6,0,0,56,0,0,0,0,0,1,4,0
1,2011,6,3,0,16,0,0,0,1,0,64,0,0,4,0,0,0,0,1,56,5,0,0,0,0,0,31,0,0,0,0,38,0,45,0,0,0,5,0,0,0,169,0,0,0,5,1,0,2,0,0,2,0,0,4,0,3,0,0,1,0,7,0,2,1,21,0,0,0,2,0,0,0,0,0,5,0,1,12,0,0,0,0,0,0,0,0
1,2011,10,3,0,9,0,0,0,11,0,8,0,0,24,0,0,0,0,0,14,9,0,0,0,0,0,16,0,0,0,0,29,0,20,0,0,0,13,2,0,0,132,0,0,0,23,0,0,70,0,0,30,3,0,8,0,1,0,1,7,0,18,0,2,0,5,5,24,0,0,2,0,0,0,0,2,3,0,7,0,0,0,0,4,0,4,0
1,2012,6,18,0,6,0,0,0,0,0,16,0,0,1,0,0,0,0,0,104,5,0,0,0,0,0,3,0,0,0,0,46,2,17,0,0,0,3,0,0,0,139,0,0,0,7,5,0,5,0,0,11,2,0,4,0,4,0,0,6,0,42,0,0,0,11,0,0,0,1,0,0,0,0,2,7,0,0,0,0,0,0,0,5,0,1,0
1,2012,10,6,0,5,0,0,0,0,0,5,0,0,11,0,0,0,4,0,20,10,0,0,0,0,0,5,0,0,0,0,25,2,15,0,0,0,36,0,0,0,42,0,0,0,6,0,0,8,0,0,12,1,0,0,0,0,0,1,12,0,33,0,0,0,14,4,5,0,0,0,0,0,0,0,3,3,0,0,0,0,0,1,0,0,0,0
1,2013,10,4,0,4,0,0,0,14,0,34,0,0,6,0,27,0,0,0,16,34,0,0,0,0,0,4,0,0,0,0,60,1,30,0,0,0,0,0,0,0,87,0,0,0,20,0,0,16,0,0,17,3,0,1,0,1,0,2,6,0,12,0,0,0,20,21,11,0,0,0,0,0,0,0,13,3,1,16,0,0,0,2,3,0,0,0
1,2014,6,7,0,0,0,0,0,0,0,60,0,0,1,0,0,0,0,0,159,4,0,0,0,0,0,1,0,0,0,0,43,2,10,0,0,1,12,0,0,0,95,0,0,0,2,0,0,3,0,1,0,0,0,3,0,0,0,0,11,0,7,0,3,0,8,0,2,0,0,0,0,0,0,0,4,5,1,2,0,0,0,1,0,0,5,1
1,2014,10,13,0,0,0,0,0,6,0,125,0,0,2,0,0,0,0,0,10,1,0,0,0,0,0,0,0,0,0,0,54,0,12,0,0,0,32,0,0,0,107,0,0,0,20,0,0,0,0,0,0,0,0,0,0,0,0,0,4,0,2,0,0,2,5,13,3,0,1,7,0,0,0,0,3,0,0,87,0,0,0,0,0,0,0,0
1,2015,10,38,0,5,0,0,0,0,0,19,0,0,10,0,0,0,1,0,7,11,0,0,0,1,0,7,0,0,0,0,62,2,34,0,0,9,6,2,0,0,139,0,0,0,28,0,0,1,0,6,2,0,0,0,0,0,0,5,2,0,12,0,0,0,11,12,6,0,2,0,0,0,0,0,0,3,3,0,0,0,0,0,1,0,1,0
2,2001,6,2,0,0,0,0,0,0,0,12,0,0,0,0,0,0,0,0,75,1,0,0,0,0,0,2,0,0,2,0,4,0,14,0,0,0,10,0,0,0,69,0,0,0,12,2,0,0,0,0,1,0,0,0,0,0,0,0,0,3,20,0,0,0,16,0,0,0,0,0,0,0,0,0,4,0,0,39,0,0,0,2,0,0,0,0
2,2001,11,0,0,2,0,0,0,0,0,19,0,0,16,1,0,0,0,0,8,0,0,0,0,0,0,1,0,0,0,0,2,0,15,0,0,1,12,0,0,0,55,0,0,0,13,1,2,0,0,1,4,0,0,0,0,0,0,0,3,0,3,0,0,12,8,0,0,0,0,0,0,0,0,0,2,0,0,2,0,0,0,0,0,0,9,0
2,2002,6,7,0,0,0,0,0,0,0,18,0,0,0,0,0,0,0,0,91,0,0,0,0,0,0,1,0,0,0,0,3,1,5,0,0,0,0,0,0,0,79,0,0,0,5,1,0,0,0,0,7,0,0,0,0,0,0,0,12,0,4,0,0,0,17,0,0,0,1,0,0,0,0,0,9,1,10,27,0,0,0,0,1,0,0,0
2,2002,10,7,0,0,0,0,0,0,0,37,0,0,9,0,0,0,0,0,34,6,0,0,0,0,0,0,0,0,0,0,3,0,32,0,0,0,2,0,0,0,71,0,0,0,26,1,0,0,0,0,10,1,0,0,0,1,0,0,5,0,8,0,0,0,0,6,0,0,0,0,0,0,0,0,3,0,0,34,0,0,0,1,0,0,0,0
2,2003,6,4,0,0,0,0,3,0,0,40,0,0,0,0,0,0,0,0,255,0,0,0,0,0,0,0,0,0,0,0,0,1,6,0,0,2,11,1,0,0,88,0,0,0,2,0,0,0,0,0,0,0,0,0,0,0,0,0,28,0,11,0,1,0,6,0,0,0,0,0,0,1,0,0,8,1,0,26,0,0,0,1,4,0,0,0
2,2003,10,1,0,5,0,0,0,0,0,38,0,0,5,0,0,0,0,0,109,0,0,0,0,0,0,0,0,0,0,0,16,3,4,0,0,2,5,0,0,0,142,0,0,0,54,3,0,1,0,0,1,0,0,1,0,0,0,0,33,0,4,0,0,0,9,3,0,0,0,0,0,1,0,0,4,0,0,41,0,0,0,1,11,0,0,0
2,2004,6,1,0,0,0,0,0,0,0,21,0,0,1,0,0,0,0,0,63,0,0,0,0,0,0,0,0,0,0,0,24,0,24,0,0,3,88,3,0,0,172,0,0,0,11,0,0,0,0,0,1,0,0,15,0,0,0,0,12,0,15,0,5,0,7,4,0,0,0,0,0,0,0,0,8,0,1,35,0,0,0,2,2,0,0,0
2,2004,10,15,0,0,0,0,2,0,0,18,0,0,8,0,0,0,0,0,24,4,0,0,0,0,0,2,0,0,0,0,25,1,19,0,0,1,7,0,0,0,130,0,0,0,41,2,0,3,0,0,16,1,0,0,0,2,0,0,28,0,18,0,0,0,13,2,8,0,0,0,0,0,0,0,1,0,0,9,0,0,0,0,2,0,0,0
2,2005,6,11,0,0,0,0,0,0,0,81,0,0,8,0,2,0,0,0,62,10,0,0,0,0,0,1,0,0,0,0,18,0,6,0,0,2,39,2,0,0,88,0,0,0,31,2,0,2,0,0,5,0,0,18,0,0,0,2,25,0,14,0,7,0,21,8,0,1,0,0,0,0,0,0,7,0,0,41,0,0,0,1,6,0,1,0
2,2005,10,2,0,0,0,0,0,0,0,75,0,0,31,0,0,0,0,0,29,7,0,0,0,0,0,0,0,0,0,0,24,0,9,0,0,3,25,5,0,0,141,0,0,0,48,0,0,0,0,0,1,0,0,12,0,0,0,0,5,0,3,0,1,0,15,6,0,0,0,0,0,0,0,0,5,0,0,47,0,0,0,3,13,0,0,0
2,2006,6,9,0,0,0,0,0,0,0,38,0,0,0,0,0,0,0,0,182,5,0,0,0,0,0,1,0,0,0,0,8,1,10,0,0,0,15,0,0,0,80,0,0,0,1,5,0,0,0,0,2,0,0,13,0,2,0,0,10,0,26,0,0,0,34,0,1,0,0,0,0,0,0,0,13,0,0,35,0,0,0,0,6,0,0,0
2,2006,10,2,0,0,0,0,0,0,0,89,0,0,28,0,0,0,0,0,55,8,0,0,0,0,0,0,0,0,0,0,19,2,11,0,0,2,4,0,0,0,95,0,0,0,36,4,0,1,0,0,12,0,0,7,0,0,0,0,9,0,14,0,0,0,28,15,0,0,0,0,0,0,0,0,2,1,0,46,0,0,0,1,0,0,0,0
2,2007,6,23,0,0,0,0,0,0,0,45,0,0,2,0,0,0,0,0,171,4,0,0,0,0,0,2,0,0,0,0,16,0,11,0,0,1,8,1,0,0,88,0,0,0,19,0,0,19,0,0,6,2,0,14,0,0,0,0,21,0,5,0,16,0,28,0,0,0,0,0,0,0,0,0,10,0,0,23,0,0,0,0,0,0,12,0
2,2007,10,3,0,5,0,0,0,0,0,77,0,0,37,0,0,0,0,0,83,18,0,0,0,0,0,0,0,0,0,0,14,1,23,0,0,1,0,0,0,0,54,0,0,0,85,7,0,6,0,0,9,0,0,0,0,1,0,0,30,0,4,0,0,1,11,4,0,0,0,0,0,4,0,0,1,1,0,47,0,0,0,1,2,0,0,0
2,2008,6,1,0,0,0,0,0,0,0,73,0,0,1,0,0,0,0,1,64,0,0,0,0,0,0,0,0,0,0,0,13,0,3,0,0,3,3,3,0,0,91,0,0,0,3,0,0,2,0,0,6,0,0,3,0,0,3,0,22,0,13,0,2,0,18,0,0,1,0,0,0,0,0,1,12,0,1,152,0,0,0,0,4,0,0,0
2,2008,10,3,0,0,0,0,0,0,0,84,0,0,92,0,0,0,0,0,62,11,0,0,0,0,0,1,0,0,0,0,22,1,18,0,0,2,7,1,0,0,86,0,0,0,34,5,0,14,0,0,13,0,0,4,0,0,0,0,15,0,13,0,1,0,19,5,0,0,0,0,0,1,0,0,5,0,0,17,0,0,0,1,5,0,0,0
2,2009,6,6,0,0,0,0,0,0,0,179,0,0,0,0,0,0,1,0,82,2,0,1,0,0,0,0,0,0,0,0,5,1,2,0,1,1,16,0,0,0,100,0,0,0,4,0,0,0,0,0,11,0,0,23,0,0,0,0,4,0,20,0,1,0,14,0,0,0,0,0,0,1,0,0,4,0,0,1,0,0,0,0,6,0,0,0
2,2009,10,2,0,0,0,0,0,0,0,108,0,0,35,0,1,0,0,0,35,17,0,0,0,0,0,1,0,0,0,0,11,0,35,0,0,3,4,0,0,0,117,0,0,0,8,0,0,9,0,0,5,0,0,6,0,0,0,0,9,0,60,1,4,0,5,5,0,0,0,0,0,0,0,0,4,0,0,8,0,0,0,0,9,0,0,0
2,2010,6,5,0,0,0,0,0,0,0,70,0,0,2,0,0,0,0,0,52,2,0,1,0,1,0,2,0,0,0,0,3,0,17,0,0,16,2,2,0,0,165,0,0,0,0,0,0,4,0,0,20,0,0,8,0,2,0,0,26,0,53,0,17,0,4,0,0,0,0,0,0,1,0,0,5,1,10,1,0,0,0,2,6,0,3,0
2,2010,10,1,0,0,0,0,0,2,0,82,0,0,27,0,0,0,0,0,15,0,0,0,0,0,0,0,0,0,0,0,6,1,10,0,0,3,7,0,0,0,216,0,0,0,15,0,0,9,0,0,12,0,0,6,0,0,0,0,32,0,2,0,1,0,6,4,0,0,0,0,0,0,0,0,1,0,0,38,0,0,0,0,6,0,3,0
2,2011,6,9,0,4,0,0,0,0,0,35,0,0,33,0,3,0,11,1,105,7,0,0,0,0,0,0,0,0,0,0,7,1,54,0,0,0,0,1,0,0,61,0,0,0,19,2,0,28,0,0,13,0,0,5,0,0,0,0,37,0,14,2,3,0,9,0,0,0,0,0,0,22,0,0,1,1,4,0,0,0,0,1,3,0,2,0
2,2011,10,4,0,2,0,0,3,0,0,63,0,0,16,0,0,0,0,0,45,5,0,0,0,0,0,1,0,0,0,0,4,1,52,0,0,6,0,0,0,0,114,0,0,0,24,0,0,25,0,0,16,1,0,1,0,0,0,0,34,0,10,0,2,0,3,13,0,0,0,0,0,0,0,0,7,0,10,7,0,0,0,0,2,0,1,0
2,2012,6,18,0,0,0,0,0,0,0,3,0,0,1,0,0,0,0,0,216,2,0,0,0,0,0,1,0,0,0,0,4,1,13,0,0,7,3,4,0,0,15,0,0,0,0,1,0,37,0,0,5,4,0,10,0,0,0,0,12,0,5,0,5,0,9,0,0,0,0,0,0,0,0,0,4,0,5,1,0,0,0,0,3,0,1,0
2,2012,10,18,0,8,0,0,0,0,0,70,0,0,66,0,6,0,22,2,210,14,0,0,0,0,0,0,0,0,0,0,14,2,108,0,0,0,0,2,0,0,122,0,0,0,38,4,0,56,0,0,26,0,0,10,0,0,0,0,74,0,28,4,6,0,18,44,0,0,0,0,0,0,0,0,2,2,8,0,0,0,0,2,6,0,4,0
2,2013,10,5,0,10,0,0,4,0,0,40,0,0,49,0,0,0,0,1,96,20,0,0,0,1,0,1,0,0,0,0,8,2,56,0,0,0,1,0,0,0,33,0,0,0,29,4,0,30,0,0,14,1,0,0,0,0,0,0,18,0,16,0,2,0,9,23,0,0,0,0,0,0,0,0,4,0,10,6,0,0,0,1,5,0,0,0
2,2014,6,0,0,0,0,0,0,0,0,20,0,0,0,0,0,0,0,2,356,0,0,0,0,4,0,0,0,0,0,0,7,0,3,0,0,5,0,2,0,0,10,0,0,0,1,0,0,2,2,0,26,0,0,12,0,0,0,0,15,0,21,0,14,0,2,0,0,0,0,0,0,0,0,0,1,2,8,2,0,0,0,1,0,0,3,0
2,2014,10,1,0,1,0,0,1,0,0,76,0,0,6,0,1,0,0,0,111,8,0,0,0,0,0,0,0,0,0,0,8,0,23,0,0,3,2,1,0,0,35,0,0,0,6,0,0,7,0,1,15,0,0,7,0,0,0,0,6,0,9,0,9,0,5,5,1,0,0,0,0,0,0,0,1,1,12,49,0,0,0,1,2,0,2,0
2,2015,10,2,0,0,0,0,0,0,0,59,0,0,0,0,0,0,0,1,22,0,0,0,0,0,0,1,0,0,0,0,12,0,0,0,0,1,0,0,0,0,73,0,0,0,0,0,0,0,0,0,15,0,0,0,0,0,0,0,0,0,18,0,19,0,0,0,0,0,1,0,0,0,0,0,0,0,0,59,0,0,0,1,1,0,0,0
4,2001,6,7,0,0,0,0,0,0,0,107,0,0,0,0,0,0,0,0,58,0,0,0,0,0,0,0,0,0,0,0,16,1,3,0,0,29,0,2,0,0,1,0,0,0,1,0,0,0,0,0,0,0,0,7,0,0,1,0,0,0,40,0,0,0,0,0,0,0,0,0,0,0,0,0,1,0,2,9,0,0,0,0,0,0,0,0
4,2001,11,1,0,0,0,0,0,0,0,68,0,0,0,0,0,0,0,0,1,7,0,0,0,0,0,0,0,0,0,0,17,0,70,0,0,3,4,0,0,0,41,0,0,0,19,0,0,2,0,2,0,0,0,0,0,0,0,0,1,0,1,0,0,0,3,1,0,0,0,0,0,0,0,0,3,0,0,0,0,0,0,3,0,0,21,0
4,2002,6,2,0,0,0,0,0,0,0,52,0,0,0,0,0,0,0,0,40,0,0,0,0,0,0,0,0,0,0,0,9,0,4,0,0,6,52,0,0,0,9,0,0,0,5,0,0,2,0,0,0,0,0,1,0,1,0,0,0,0,19,0,2,0,0,0,0,0,0,0,0,0,0,0,1,0,0,96,0,0,0,6,0,0,0,0
4,2002,10,5,0,0,0,0,0,0,0,127,0,0,0,0,0,0,0,0,16,1,0,0,0,0,0,2,0,0,0,0,51,0,6,0,0,4,14,1,0,0,14,0,0,0,69,0,0,3,0,0,0,0,0,0,0,0,0,0,0,0,16,0,0,0,0,0,0,0,0,0,0,0,0,0,0,0,0,9,0,0,0,2,0,0,0,0
4,2003,6,9,0,0,0,0,0,0,0,94,0,0,0,0,0,0,0,0,32,0,0,0,0,0,0,2,0,0,0,0,3,0,3,0,0,1,4,1,0,0,5,0,0,0,7,0,0,0,0,0,0,0,0,0,0,0,0,0,0,0,14,0,2,0,0,1,0,0,0,0,0,0,0,0,5,0,0,312,0,0,0,5,0,0,0,0
4,2003,10,5,0,0,0,0,0,0,0,173,0,0,0,0,0,0,0,0,21,3,0,0,0,0,0,0,0,0,0,0,33,0,27,0,0,1,22,0,0,0,46,1,0,0,144,0,0,0,0,3,0,0,0,0,0,0,0,0,0,0,2,0,0,0,0,1,0,0,1,0,0,0,0,0,8,0,0,9,0,0,0,3,0,0,0,0
4,2004,6,6,0,0,0,0,0,0,0,113,0,0,0,0,0,0,0,0,69,0,0,0,0,0,0,0,0,0,0,0,19,0,11,0,0,11,2,0,0,0,8,0,0,0,9,0,0,0,0,0,1,0,0,0,0,0,0,0,0,0,33,0,0,0,0,0,0,0,0,0,0,0,0,0,5,2,0,195,0,0,0,1,0,0,0,0
4,2004,10,0,0,0,0,0,0,0,0,105,0,0,3,0,0,0,0,0,11,0,0,0,0,0,0,1,0,0,0,0,28,5,39,0,0,10,0,1,0,0,32,0,0,0,174,0,0,0,0,3,0,0,0,0,0,0,0,0,0,0,0,44,7,0,0,6,0,0,1,0,0,0,0,0,1,0,1,25,0,0,0,3,0,0,0,0
4,2005,6,2,0,0,0,0,0,0,0,202,0,0,2,0,0,0,0,0,71,1,0,0,0,0,0,1,0,2,0,1,21,4,11,0,0,0,7,0,0,0,6,0,0,0,4,1,0,1,0,0,0,0,0,1,0,3,0,1,0,0,26,0,1,0,7,0,0,0,0,0,0,1,0,0,5,0,0,126,0,0,0,2,0,0,0,0
4,2005,10,2,0,0,2,0,0,0,0,222,0,0,5,0,0,0,0,0,6,0,0,0,0,0,0,0,0,0,0,0,33,0,31,0,0,8,2,0,0,0,11,0,0,0,117,0,0,9,0,4,0,0,0,0,0,0,0,8,0,0,6,0,0,0,0,2,0,0,0,0,0,0,0,0,2,0,0,17,0,0,0,9,0,0,0,0
4,2006,6,3,0,0,0,0,0,0,0,40,0,0,0,0,0,0,0,0,80,0,0,0,0,0,0,0,0,0,0,0,10,1,11,0,0,0,0,0,0,0,16,0,1,0,13,0,0,2,0,0,0,0,0,0,0,0,0,0,5,0,117,0,0,0,2,0,0,0,0,0,0,0,0,0,12,0,0,219,0,0,0,1,0,0,0,0
4,2006,10,2,0,0,0,0,0,0,0,70,0,0,3,0,0,0,0,0,6,4,0,0,0,0,0,0,0,0,0,0,27,0,122,0,0,0,1,0,0,0,95,0,0,0,111,0,0,8,0,0,0,0,0,0,0,0,0,5,0,0,4,0,0,0,1,10,0,0,0,0,0,0,0,0,2,0,0,23,0,0,0,1,0,0,0,0
4,2007,6,4,0,0,0,0,0,0,0,157,0,0,1,0,0,0,0,1,94,1,0,0,0,0,0,0,0,0,0,0,15,0,7,0,0,4,4,0,0,0,16,0,0,0,6,0,0,13,0,0,0,0,0,0,0,3,0,0,2,0,31,0,1,0,3,0,0,0,0,0,0,1,0,0,9,0,0,113,0,0,0,9,0,0,0,0
4,2007,10,1,0,1,1,0,0,0,0,150,0,0,6,0,0,0,0,0,7,9,0,0,0,0,0,0,0,0,0,0,15,1,141,0,0,0,0,2,0,0,58,0,0,0,62,0,0,18,0,0,1,0,0,0,0,0,0,1,1,0,1,0,0,0,2,4,0,0,0,0,0,0,0,0,0,1,0,6,0,0,0,0,0,0,0,0
4,2008,6,5,0,0,1,0,0,0,0,219,0,0,1,0,0,0,1,1,13,0,0,0,0,0,0,0,0,1,0,0,45,0,21,0,0,28,5,1,0,0,15,0,0,0,3,0,0,0,0,0,0,0,0,0,0,2,0,2,1,0,55,0,0,0,1,1,1,0,0,0,0,0,0,0,17,1,0,49,0,0,0,2,0,0,11,0
4,2008,10,1,0,0,0,0,1,0,0,65,0,0,17,0,0,0,0,0,12,11,0,0,0,0,0,0,0,0,0,0,47,0,58,0,0,1,10,1,0,0,58,0,0,0,100,1,0,43,0,0,0,0,0,0,0,0,0,4,2,0,9,0,0,0,0,11,0,0,0,0,0,0,0,0,3,0,0,24,0,0,0,2,2,0,0,0
4,2009,6,1,0,0,0,0,0,0,0,188,0,0,2,0,0,0,0,0,27,0,0,0,0,0,0,0,0,0,0,0,16,0,0,0,0,0,0,0,0,0,7,0,0,0,3,0,0,0,0,0,0,0,0,0,0,2,0,0,0,0,19,0,6,0,6,0,0,0,0,0,0,0,0,0,9,0,0,190,0,0,0,19,5,0,0,0
4,2009,10,1,0,0,2,0,0,0,0,64,0,0,12,0,0,0,0,0,11,9,0,0,0,0,0,0,0,1,0,0,28,0,69,0,0,5,0,0,0,0,76,0,0,0,120,0,0,29,0,0,0,0,0,0,0,0,0,0,1,0,8,0,1,0,0,7,0,0,0,0,0,0,0,0,4,0,0,0,0,48,0,1,3,0,1,0
4,2010,6,18,0,0,0,0,0,0,0,241,0,0,0,0,0,0,0,0,64,0,0,0,0,0,0,0,0,0,0,0,5,0,2,0,0,2,1,1,0,0,35,0,0,0,0,0,0,0,0,0,0,0,0,0,0,2,0,0,1,0,46,0,1,0,0,1,0,0,1,2,0,0,0,0,0,0,0,36,0,0,1,8,3,0,0,0
4,2010,10,2,0,0,1,0,0,0,0,52,0,0,7,0,0,0,0,0,10,4,0,0,0,0,0,0,0,0,0,0,15,4,80,0,0,22,0,0,0,0,58,0,0,0,130,0,0,48,0,0,3,0,0,0,0,0,0,0,6,0,18,0,3,0,0,4,0,0,0,1,0,0,0,0,0,0,0,37,0,0,0,4,14,0,1,0
4,2011,6,2,0,0,0,0,0,0,0,127,0,0,5,0,0,0,0,0,190,0,0,0,0,0,0,0,0,0,0,0,0,0,44,0,0,0,0,0,0,0,58,0,0,0,9,6,0,2,0,0,0,0,0,0,0,1,0,0,0,0,24,0,2,0,0,0,0,0,0,0,0,0,0,0,5,0,0,9,0,0,0,2,1,0,1,0
4,2011,10,10,0,0,0,0,0,0,0,84,0,0,15,0,0,0,0,0,4,13,0,0,0,0,0,0,0,0,0,0,12,1,107,0,0,7,0,0,0,0,93,0,0,0,57,0,0,48,0,0,3,0,0,0,0,0,0,0,1,0,14,0,0,1,0,5,0,0,0,0,0,0,0,0,0,0,0,8,0,0,0,2,2,0,0,0
4,2012,6,8,0,0,1,0,0,0,0,135,0,0,3,11,0,0,0,0,177,4,0,0,0,0,0,0,0,1,0,0,18,0,0,0,0,1,1,0,0,0,43,0,0,0,5,4,0,0,0,0,0,0,0,0,0,3,0,0,0,0,15,0,1,0,0,6,0,0,0,0,0,0,0,0,3,0,1,6,0,0,0,16,0,0,0,0
4,2012,10,4,0,1,1,0,0,0,0,65,0,0,56,0,0,0,0,0,28,25,0,0,0,0,0,0,0,0,0,0,11,4,100,0,0,0,0,0,0,0,52,0,0,0,54,0,0,62,0,0,0,0,0,0,0,0,0,0,3,0,4,1,2,0,0,3,0,0,0,0,0,0,0,0,7,0,0,0,0,0,0,15,0,0,0,0
4,2013,10,1,0,0,0,0,0,0,0,73,0,0,114,0,0,0,0,0,1,12,0,0,0,0,0,0,0,0,0,0,15,0,110,0,0,0,0,0,0,0,14,0,0,0,47,0,0,73,0,0,0,0,0,0,0,0,0,0,1,0,2,0,0,0,3,0,0,0,0,1,0,0,0,0,4,0,0,27,0,0,0,2,1,0,0,0
4,2014,6,7,0,0,0,0,0,0,0,115,0,0,12,0,0,0,0,0,238,0,0,0,0,0,0,0,0,0,0,0,48,0,14,0,0,7,5,3,0,0,3,0,0,0,0,0,0,0,0,0,0,0,0,1,0,0,0,0,0,0,11,0,2,0,0,5,0,0,0,2,0,0,0,0,8,0,1,27,3,0,0,7,0,0,4,0
4,2014,10,5,0,0,0,0,0,0,0,165,0,0,123,0,0,0,0,0,6,4,0,0,0,0,0,0,0,0,0,0,16,0,53,0,0,0,1,0,0,0,10,0,0,0,48,0,0,11,0,0,0,0,0,0,0,0,0,0,2,0,8,0,1,0,0,8,0,0,0,0,0,0,0,0,6,0,0,28,0,0,0,5,0,0,0,0
4,2015,10,0,0,0,0,0,0,0,0,69,0,0,112,0,0,0,0,1,8,17,0,0,0,0,0,0,0,0,0,0,90,0,29,0,0,3,0,0,0,0,59,0,0,0,21,0,0,2,0,0,0,0,0,0,0,0,0,0,0,0,7,0,0,0,0,2,0,0,0,0,0,0,0,0,3,0,0,32,0,0,0,0,0,0,3,0
5,2009,6,0,0,0,0,0,0,0,0,149,0,0,0,0,0,0,0,0,10,2,0,0,0,0,0,0,0,0,0,0,134,0,37,0,0,0,22,1,0,0,43,0,0,0,19,0,0,3,0,3,0,0,0,2,0,1,0,0,0,0,2,0,0,0,3,0,14,0,3,0,0,0,0,0,0,0,0,44,0,0,0,1,1,0,0,0
5,2010,6,2,0,0,0,0,0,0,0,201,0,0,0,0,0,0,0,1,31,2,0,3,0,0,0,0,0,0,0,0,73,0,25,0,0,0,11,0,0,0,88,0,0,0,3,0,0,0,0,0,3,0,0,0,0,0,0,0,0,0,11,0,5,0,0,0,0,0,22,0,0,0,0,0,0,0,0,13,0,0,0,0,0,0,2,0
5,2010,10,0,0,0,0,0,0,1,0,29,0,0,0,0,1,0,0,0,8,30,0,0,0,0,0,0,0,0,0,0,103,0,14,0,0,0,15,0,0,0,237,0,0,0,25,0,0,4,0,7,17,0,0,0,0,0,0,0,1,0,2,0,0,0,1,10,0,0,21,0,0,0,0,0,1,0,0,0,0,0,0,1,6,0,3,0
5,2011,6,5,0,0,0,0,0,0,0,93,0,1,0,0,0,0,0,0,72,6,0,2,0,0,0,0,0,0,0,0,23,0,21,0,0,0,7,2,0,0,50,0,0,0,7,3,0,0,3,0,0,0,0,3,0,2,0,0,0,0,2,0,0,0,1,4,5,0,5,0,0,0,0,0,4,0,0,171,0,0,0,2,1,0,0,0
5,2011,10,0,0,0,0,0,0,0,0,18,0,0,0,0,2,0,0,0,0,2,0,4,0,0,0,0,0,0,0,0,5,0,13,0,0,0,0,0,0,0,65,0,0,0,14,0,0,19,0,3,0,0,0,0,0,0,0,1,0,0,4,0,0,0,0,0,1,0,20,0,0,0,0,0,1,0,0,7,0,0,0,0,0,0,0,0
5,2012,6,6,0,0,0,0,0,0,0,20,0,0,0,0,0,0,0,0,265,1,0,0,0,0,0,0,0,0,0,0,27,0,20,0,0,0,42,0,0,0,27,0,0,0,8,0,0,22,0,2,2,0,0,27,0,0,0,0,0,0,5,0,0,0,17,5,4,0,3,0,0,0,1,0,3,3,0,2,0,0,0,1,2,0,0,0
5,2012,10,4,0,0,0,0,0,0,0,60,0,0,1,0,0,0,0,0,6,23,0,1,0,0,0,0,0,0,0,0,58,1,44,0,0,0,2,0,0,0,113,0,0,0,88,0,0,21,0,0,8,0,0,0,0,0,0,0,0,0,0,0,0,0,2,26,8,0,29,0,0,0,1,0,0,2,0,4,0,0,0,0,2,0,4,0
5,2013,10,1,0,0,0,0,0,0,0,41,0,0,2,0,1,0,0,2,22,12,0,1,0,0,0,0,0,0,0,0,56,2,68,0,0,0,6,0,0,0,145,0,0,0,40,0,0,37,0,0,15,0,0,0,0,0,0,0,0,0,9,0,0,0,1,4,0,0,15,0,0,0,0,0,0,0,0,3,0,0,0,2,2,0,0,0
5,2014,6,2,0,0,0,2,0,0,0,158,0,0,0,0,0,0,0,0,10,5,0,0,0,0,0,0,0,0,0,0,83,0,2,0,0,0,0,0,0,0,0,0,0,0,2,0,0,23,0,31,24,0,0,0,0,0,0,0,0,0,2,0,0,0,0,2,2,0,7,0,0,0,0,0,5,0,3,8,24,0,0,2,0,0,1,1
5,2014,10,9,0,0,0,0,0,0,0,34,0,0,2,0,2,0,0,1,30,20,0,2,0,0,0,0,0,0,0,0,70,0,99,0,0,0,2,1,0,0,68,0,0,0,30,0,0,20,9,6,15,0,0,0,0,0,0,0,2,0,36,2,5,0,1,15,4,0,13,0,0,0,0,0,0,5,1,8,0,0,0,5,0,0,9,0
6,2001,6,2,0,0,1,0,0,0,0,49,0,0,1,0,0,0,0,0,30,0,0,7,0,0,0,0,0,0,0,0,27,0,0,0,0,8,0,0,0,9,6,0,0,0,50,17,0,0,0,39,0,0,0,0,1,0,0,0,0,1,10,0,0,0,4,0,1,3,2,0,0,0,0,0,0,0,0,15,0,2,0,0,0,0,0,0
6,2001,11,0,0,0,0,0,0,0,0,16,0,0,0,0,0,0,0,0,2,0,0,4,0,0,0,0,0,0,0,0,9,0,1,0,0,5,2,0,0,0,2,0,0,0,4,0,0,0,0,2,0,0,0,0,0,0,0,0,0,0,0,0,0,0,0,0,0,3,3,0,0,0,0,0,0,0,0,71,0,0,0,0,0,0,0,0
6,2002,6,6,0,0,2,0,0,0,0,20,0,0,0,0,0,0,0,0,196,0,1,2,0,0,0,0,0,0,0,0,6,2,0,0,0,2,1,0,0,0,1,0,0,0,19,12,0,0,1,3,0,0,0,0,0,0,0,0,0,0,24,0,1,0,0,0,0,0,1,0,0,0,0,0,0,0,0,5,0,0,0,1,2,0,0,0
6,2002,10,0,0,0,1,0,0,0,0,26,0,0,0,0,0,0,0,0,113,0,0,3,0,0,0,0,0,0,0,0,29,0,0,0,0,1,0,0,0,0,0,0,0,0,27,3,0,0,0,11,0,0,0,0,0,0,0,0,0,0,1,0,0,0,0,0,3,1,2,0,0,0,0,0,0,0,0,56,0,0,0,3,2,0,0,0
6,2003,6,8,0,0,0,0,0,0,0,62,0,0,1,0,0,0,0,3,160,0,0,1,0,0,0,0,0,0,0,0,27,3,3,0,0,9,4,1,0,3,3,0,0,0,98,47,0,0,7,23,1,0,0,0,2,0,0,0,0,0,22,0,0,0,1,2,0,0,3,0,0,0,0,1,0,0,0,2,0,0,0,0,3,0,0,0
6,2003,10,14,0,0,6,0,0,0,0,31,0,0,1,0,0,0,0,0,230,0,0,4,0,0,2,0,0,0,0,0,51,2,1,0,0,48,0,0,0,5,0,0,0,0,14,3,0,0,0,35,0,0,0,0,1,0,0,1,0,0,4,0,0,0,0,0,6,0,0,1,0,0,0,3,1,0,0,18,0,0,1,1,18,0,0,0
6,2004,6,1,0,0,0,0,0,0,0,32,0,0,0,0,0,0,0,0,57,1,0,5,0,0,0,0,0,0,0,0,64,0,0,0,0,1,3,0,0,0,2,0,0,0,200,2,0,0,0,6,0,0,0,0,9,0,0,0,0,0,17,0,1,0,8,0,6,1,11,0,0,0,0,0,0,0,0,3,0,0,0,1,0,0,0,0
6,2004,10,0,0,0,0,0,0,0,0,131,0,0,0,0,0,0,0,0,126,0,0,14,0,0,0,0,0,0,0,0,48,0,0,0,0,4,0,0,0,5,1,0,0,0,82,0,0,0,1,7,0,0,3,0,0,0,0,0,0,0,4,0,0,0,0,0,5,1,9,0,0,0,0,6,0,0,0,51,0,0,0,0,5,0,0,0
6,2005,6,4,0,0,0,0,0,0,0,219,0,0,0,0,0,0,0,0,99,2,0,0,2,0,0,0,0,0,2,0,22,10,18,0,0,0,0,0,0,0,36,0,0,0,66,0,0,0,0,0,0,0,0,2,0,0,0,2,0,0,8,0,0,0,20,3,2,0,16,0,0,2,0,0,4,0,0,464,0,0,0,0,0,0,0,0
6,2005,10,4,0,0,0,0,0,0,0,92,0,0,4,0,0,0,0,0,47,0,0,11,0,0,0,0,0,0,0,0,106,1,0,0,0,8,0,0,0,0,0,0,0,0,75,19,0,0,0,26,0,0,0,0,0,0,0,2,0,0,3,0,0,0,2,0,15,0,2,0,0,0,0,0,1,0,0,70,0,0,0,1,3,0,2,0
6,2006,6,3,0,0,0,0,0,0,0,136,0,0,0,0,0,0,0,3,45,0,0,0,0,0,0,1,0,0,0,0,17,1,5,0,0,0,0,0,0,0,16,0,0,0,30,0,0,0,0,0,0,0,0,0,0,0,0,0,0,0,7,0,0,0,7,3,2,0,2,0,0,0,0,0,2,0,0,223,0,0,0,0,0,0,0,0
6,2006,10,5,0,0,0,0,0,0,0,59,0,0,0,0,0,0,0,1,198,0,0,13,0,0,0,0,0,0,0,0,55,0,0,0,0,7,0,1,0,1,1,0,0,0,68,17,0,0,1,38,0,0,0,0,1,1,0,3,4,0,1,0,0,0,1,0,0,1,11,0,0,0,0,5,0,0,0,6,0,0,0,0,5,0,0,0
6,2007,6,2,0,0,0,0,0,0,0,111,0,0,0,0,0,0,0,2,51,0,0,0,0,0,0,0,0,0,0,0,47,2,3,0,0,2,14,0,0,0,6,0,0,0,119,14,0,2,1,2,0,0,0,0,0,0,0,0,1,0,18,0,0,0,15,0,36,0,9,7,0,0,0,4,0,0,0,24,0,0,0,1,0,0,4,0
6,2007,10,3,0,0,0,0,0,0,0,83,0,0,0,0,0,1,0,0,47,4,0,3,0,0,1,1,0,0,0,0,90,0,0,0,0,1,1,0,0,4,17,0,0,0,93,2,0,0,0,73,0,0,0,0,0,0,0,5,0,0,5,0,1,0,3,0,22,0,18,0,0,0,0,2,0,0,0,10,0,0,0,0,0,0,2,0
6,2008,6,22,0,25,0,0,0,0,0,0,0,0,1,0,0,1,0,0,147,0,0,5,0,0,0,0,0,0,0,0,74,0,0,0,0,5,0,0,0,1,3,0,0,0,100,20,0,4,2,49,0,0,0,0,5,0,0,0,0,0,9,0,0,0,4,0,28,4,0,0,0,0,0,0,0,0,0,2,0,0,0,2,0,0,20,0
6,2008,10,0,0,0,0,0,0,0,0,82,0,0,0,0,0,0,0,0,17,0,0,2,0,0,0,0,0,0,0,0,66,1,0,0,0,0,0,0,0,2,3,0,0,0,71,3,0,0,0,12,0,0,0,0,0,1,0,1,0,0,0,0,0,0,1,0,46,0,6,0,0,0,0,1,0,0,0,191,0,0,0,0,3,0,0,0
6,2009,6,12,0,0,5,0,0,0,0,164,0,0,2,0,0,0,0,2,92,0,0,1,0,0,0,0,0,0,0,0,46,0,0,0,0,5,5,0,0,0,13,0,0,0,48,5,0,2,1,17,11,0,0,0,5,0,0,1,0,0,40,0,1,0,5,0,12,1,1,0,0,0,0,0,0,0,1,13,0,0,0,2,6,0,0,0
6,2009,10,1,0,0,0,0,0,0,0,183,0,0,0,0,0,0,0,0,36,0,0,5,0,0,0,0,0,0,0,0,98,0,0,0,0,1,0,0,0,6,7,0,0,0,69,11,0,0,0,24,0,0,0,0,1,0,0,1,0,0,7,0,0,0,3,0,13,2,12,0,0,0,0,2,0,0,0,11,0,0,0,0,13,0,0,0
6,2010,6,3,0,0,2,0,0,0,0,299,0,0,0,0,0,0,0,0,38,0,0,0,0,0,0,0,0,0,0,0,12,1,14,0,0,0,4,0,0,1,8,0,0,0,3,0,0,0,0,3,0,0,0,0,0,0,0,0,0,0,11,0,2,0,3,0,0,0,4,0,0,0,0,0,0,0,0,104,1,0,0,0,0,0,0,0
6,2010,10,2,0,0,1,0,0,0,0,43,0,0,0,0,0,0,0,0,52,0,0,10,0,0,0,0,0,0,0,0,80,2,0,0,0,0,0,0,0,0,1,0,0,0,132,1,0,0,0,25,0,0,0,0,0,0,0,0,0,0,0,0,0,0,1,0,111,1,4,1,0,0,0,2,0,0,0,30,0,0,0,0,5,0,0,0
6,2011,6,19,0,0,0,0,0,0,0,183,0,0,0,0,0,0,0,1,66,3,0,3,0,0,0,0,0,0,0,0,13,3,63,0,0,0,8,0,0,0,38,0,0,0,9,1,0,0,0,2,0,0,0,0,0,0,0,0,2,0,37,0,1,0,4,0,0,0,4,0,0,0,0,1,0,0,0,25,0,0,0,1,0,0,2,0
6,2011,10,6,0,0,20,0,0,0,0,86,0,0,0,0,0,2,0,0,28,3,0,14,0,0,0,0,0,0,0,0,83,0,3,0,0,17,2,0,0,11,17,0,0,0,105,6,0,0,1,36,0,0,0,0,1,0,0,10,0,0,7,0,1,0,0,0,27,0,19,0,0,0,1,2,0,0,0,5,0,0,0,0,6,0,0,0
6,2012,6,1,0,0,0,0,0,0,0,81,0,0,0,0,0,0,0,0,45,0,0,2,0,0,0,0,0,0,0,0,54,0,41,0,0,1,4,1,0,2,116,0,0,0,35,0,0,1,0,1,1,0,1,0,0,0,0,0,0,0,5,0,1,0,8,1,14,0,19,1,0,0,0,0,0,0,0,1,0,0,0,1,2,0,0,0
6,2012,10,12,0,0,0,0,0,0,0,122,0,0,0,0,0,0,0,0,46,8,0,8,0,0,0,0,0,0,0,0,42,1,2,0,0,4,2,0,0,12,62,0,0,0,106,0,0,0,4,48,0,0,0,0,0,0,0,28,0,0,20,0,0,0,0,0,20,0,6,0,0,0,0,0,0,0,0,414,0,0,0,0,20,0,0,0
6,2012,11,24,0,0,1,0,0,0,0,190,0,0,0,0,0,0,0,0,107,23,0,23,0,0,0,0,0,0,0,0,105,0,0,0,0,11,5,0,0,4,84,0,0,0,172,1,0,0,3,116,1,0,0,0,0,0,0,10,0,0,13,0,1,0,0,12,31,0,13,0,0,0,0,2,0,0,0,18,0,0,0,4,10,0,0,0
6,2013,10,3,0,0,0,0,0,0,0,56,0,0,0,0,0,0,0,1,46,5,0,20,0,0,0,0,0,0,0,0,114,0,3,0,0,0,0,0,0,2,14,22,0,0,30,1,0,1,6,62,1,0,0,0,0,0,0,17,0,0,34,0,2,0,0,0,14,1,0,0,0,0,14,1,0,0,0,0,0,0,0,6,10,0,0,0
6,2014,6,1,0,0,2,0,0,0,0,14,0,0,7,0,0,0,0,0,107,5,0,1,0,0,0,0,0,0,0,0,27,0,2,0,0,5,3,0,0,0,7,0,0,0,70,13,0,0,0,120,24,0,0,0,9,0,0,5,0,0,9,0,0,0,4,2,40,6,0,3,0,2,0,10,0,0,3,7,0,0,0,2,0,0,3,1
6,2014,10,4,0,0,32,0,0,0,0,67,0,0,0,0,0,0,0,0,55,0,0,5,0,1,0,0,0,0,0,0,38,2,1,0,0,1,0,0,0,4,3,0,0,0,64,9,0,0,15,138,0,0,0,0,0,0,0,0,0,0,11,2,1,0,0,0,28,5,4,0,0,0,0,7,0,0,0,8,0,0,0,1,2,0,0,0
8,2001,6,3,0,0,0,0,0,0,0,75,0,0,1,0,0,0,0,0,86,0,0,0,0,0,0,0,0,0,0,0,4,0,0,0,0,1,0,0,0,0,0,0,0,0,100,8,0,0,1,20,0,0,0,0,2,0,0,0,0,0,1,0,1,0,0,0,0,0,0,0,0,0,0,1,0,0,0,4,0,0,0,1,4,0,0,0
8,2001,11,0,0,0,10,0,0,0,0,66,0,0,4,0,0,0,0,0,8,0,0,0,0,0,0,0,0,0,0,0,6,0,0,0,0,3,0,0,0,0,4,0,0,0,51,0,0,0,0,3,0,0,0,0,0,0,0,0,0,0,0,0,0,0,0,0,0,0,0,0,0,0,0,1,0,0,0,75,0,0,0,0,30,0,0,0
8,2002,6,3,0,0,9,0,0,0,0,83,0,0,25,0,0,0,0,0,47,0,0,1,0,0,0,0,0,0,0,0,3,0,0,0,0,4,0,0,0,0,0,0,0,0,70,3,0,0,0,28,0,0,0,0,1,0,0,0,0,0,1,0,0,0,0,0,0,0,2,0,0,0,0,0,0,0,0,5,0,0,0,0,25,0,0,0
8,2002,10,3,0,0,15,0,0,0,0,56,0,0,2,0,0,0,0,0,56,0,0,0,0,0,0,0,0,0,0,0,11,0,0,0,0,6,0,0,0,0,0,4,0,0,17,2,0,0,0,18,0,0,0,0,1,0,0,0,0,0,1,20,0,0,0,0,0,0,1,0,0,0,0,4,0,0,0,85,0,0,0,0,6,0,0,0
8,2003,6,6,0,0,4,0,0,0,0,223,0,0,3,0,0,0,0,0,31,0,0,0,0,0,0,0,0,0,0,0,6,0,0,0,0,6,0,0,0,0,0,0,0,0,166,0,0,0,0,7,0,0,0,0,3,0,0,0,0,0,3,0,0,0,0,0,0,0,1,0,0,0,0,1,0,0,0,36,0,0,0,0,3,0,0,0
8,2003,10,2,0,0,0,0,0,0,0,66,0,0,3,0,0,0,0,0,168,0,0,0,0,0,0,0,0,0,0,0,4,0,0,0,0,1,0,0,0,0,0,0,0,0,142,3,0,0,0,10,0,0,0,0,0,0,0,0,0,0,2,0,0,0,0,0,0,0,0,0,0,0,0,1,0,0,0,81,0,0,0,0,12,0,0,0
8,2004,6,7,0,0,11,0,0,0,0,137,0,0,6,0,0,1,0,0,101,0,0,4,0,0,0,0,0,0,0,0,7,0,0,0,0,22,0,0,0,0,0,1,0,0,65,5,0,0,0,87,0,0,0,0,9,0,0,0,0,0,0,0,0,0,0,0,0,0,0,1,0,0,0,2,0,0,0,14,0,0,0,0,30,0,0,0
8,2004,10,1,0,0,29,0,0,0,0,184,0,0,1,0,0,0,0,0,68,0,0,2,0,0,0,0,1,0,0,0,34,0,0,0,0,1,0,0,0,0,1,1,0,0,41,10,0,0,0,16,0,0,2,0,0,0,0,0,0,0,0,0,1,0,0,0,0,1,1,0,0,0,0,3,0,0,0,62,0,0,0,0,27,0,0,0
8,2005,6,2,0,0,7,0,0,0,0,224,0,0,0,0,0,0,0,0,10,0,0,0,0,0,0,0,0,0,0,0,1,0,0,0,0,2,1,0,0,0,0,0,0,0,84,0,0,0,0,10,0,0,1,0,1,0,0,0,0,0,0,0,0,0,0,0,0,0,0,0,0,0,0,0,0,0,0,143,0,0,0,0,4,0,0,0
8,2005,10,2,0,0,21,0,0,0,0,77,0,0,7,0,0,0,0,0,215,0,0,0,0,0,0,0,0,0,0,0,10,0,0,0,0,6,0,0,0,0,0,0,0,0,18,0,0,0,0,40,0,0,0,0,0,0,0,0,0,0,16,0,0,0,0,0,1,0,0,0,0,0,0,5,0,0,0,38,0,0,0,0,54,0,0,0
8,2006,6,2,0,0,1,0,0,0,0,257,0,0,3,0,0,0,0,0,15,0,0,1,0,0,0,2,0,0,0,0,3,0,0,0,0,0,0,0,0,0,2,0,0,0,81,0,0,0,0,15,0,0,0,0,2,0,0,0,0,0,5,0,0,0,0,0,6,0,0,0,0,0,0,0,0,0,0,95,0,0,0,0,12,0,0,0
8,2006,10,0,0,0,13,0,0,0,0,51,0,0,0,0,0,0,0,0,6,0,0,1,0,0,0,0,0,0,0,0,5,0,0,0,0,0,0,0,0,0,0,0,0,0,71,0,0,0,0,8,0,0,0,0,0,0,0,0,0,0,0,0,0,0,0,0,1,0,3,0,0,0,0,3,0,0,0,339,0,0,0,0,2,0,0,0
8,2007,6,0,0,0,8,0,0,0,0,138,0,0,9,0,0,0,0,0,65,0,0,2,0,0,0,0,0,0,0,0,17,0,0,0,0,7,0,0,0,0,0,0,0,0,137,21,0,0,0,25,0,0,1,0,4,0,0,0,0,0,0,0,0,0,0,0,35,0,3,1,0,0,0,0,0,0,0,9,0,0,0,0,19,0,0,0
8,2007,10,1,0,0,7,0,0,0,0,61,0,0,0,0,0,0,0,0,76,0,0,1,0,0,0,1,0,0,0,0,31,0,0,0,0,7,0,0,0,0,0,0,0,0,89,72,0,0,0,41,0,0,1,0,1,0,0,0,0,0,0,0,0,0,0,0,21,0,4,0,0,0,0,17,0,0,0,54,0,0,0,0,11,0,0,0
8,2008,6,2,0,0,53,0,0,0,0,84,0,0,5,0,0,0,0,0,128,0,0,3,0,0,0,0,0,0,0,0,19,0,0,0,0,0,0,0,0,2,0,1,0,0,114,12,0,0,0,11,0,0,0,0,12,1,0,0,0,0,1,0,1,0,0,0,3,0,2,0,0,0,0,4,0,0,0,4,0,0,0,0,36,0,0,0
8,2008,10,0,0,0,37,0,0,0,0,234,0,0,15,0,0,0,0,0,156,0,0,14,0,0,0,0,0,0,0,0,71,1,0,0,0,2,0,0,0,0,0,0,0,0,100,20,0,0,1,63,0,0,2,0,0,0,1,0,0,0,9,0,7,0,0,0,58,0,14,0,0,0,0,2,0,0,0,100,0,1,0,1,107,0,0,0
8,2009,6,3,0,0,27,0,0,0,0,217,0,0,6,0,0,0,0,0,59,0,0,0,0,0,0,0,0,0,0,0,4,0,0,0,0,1,0,0,0,0,0,0,0,0,116,7,0,0,0,25,0,0,0,0,2,0,0,0,0,0,4,0,0,0,0,1,6,0,0,0,0,0,0,6,0,0,0,14,0,0,0,1,11,0,0,0
8,2009,10,6,0,0,181,0,0,0,0,254,0,0,9,0,0,0,0,0,121,0,0,10,0,0,0,0,0,0,0,0,60,0,0,0,0,12,0,0,0,5,0,3,0,0,6,18,0,0,0,36,0,0,1,0,0,0,0,3,0,0,73,0,4,0,0,0,20,2,28,0,2,0,0,4,0,0,0,110,0,0,0,0,25,0,0,0
8,2009,11,0,0,0,5,0,0,0,0,33,0,0,1,0,0,0,0,0,6,0,0,1,0,0,0,0,0,0,0,0,7,0,0,0,0,0,0,0,0,0,0,0,0,0,4,0,0,0,0,5,0,0,0,0,0,0,0,0,0,0,6,0,0,0,0,0,15,0,1,0,0,0,0,0,0,0,0,417,0,0,0,0,9,0,0,0
8,2009,12,1,0,0,44,0,0,0,0,183,0,0,1,0,0,0,0,0,14,0,0,1,0,0,0,0,1,0,0,0,4,0,0,0,0,0,1,0,0,0,0,1,0,0,16,4,0,0,0,19,0,0,0,0,0,1,0,0,0,0,2,0,0,0,0,0,3,0,2,0,0,0,0,2,0,0,0,172,0,0,0,0,22,0,0,0
8,2010,6,0,0,0,95,0,0,0,0,175,0,0,2,0,0,0,0,0,32,0,0,2,0,0,0,0,0,0,0,0,19,0,0,0,0,20,0,0,0,0,0,0,0,0,22,21,0,0,0,10,0,0,1,1,0,0,0,0,0,0,48,0,1,0,0,0,3,0,5,1,0,0,0,2,0,0,0,13,0,0,0,5,18,0,0,0
8,2010,10,2,0,0,51,0,0,0,0,97,0,0,2,0,0,0,0,0,44,0,0,4,0,0,0,0,0,0,0,0,38,0,0,0,0,1,0,0,0,0,1,0,0,0,57,5,0,0,0,51,0,0,0,0,2,0,0,0,0,0,4,0,4,0,0,0,21,0,10,0,0,0,0,23,0,0,0,62,0,0,0,0,35,0,0,0
8,2011,6,0,0,0,16,0,0,0,0,273,0,0,3,0,0,0,0,1,51,0,0,0,0,0,0,0,0,0,0,0,8,0,0,0,0,3,0,0,0,0,0,0,0,0,74,5,0,0,4,0,0,0,0,0,0,0,0,0,0,0,3,0,1,0,1,0,14,0,4,0,0,0,0,2,0,0,0,42,0,0,0,0,5,0,0,0
8,2011,10,0,0,0,28,0,0,0,0,108,0,0,0,0,0,0,0,0,27,0,0,0,0,0,0,0,0,0,0,0,11,0,0,0,0,8,0,0,0,0,0,0,0,0,46,30,0,0,0,5,0,0,0,0,0,1,0,2,0,0,10,0,0,0,0,0,31,0,14,0,0,0,0,9,0,0,0,157,0,0,0,0,0,0,3,0
8,2012,6,3,0,0,16,0,0,0,0,31,0,0,0,0,0,0,0,0,167,0,0,2,0,0,0,0,0,0,0,0,4,0,0,0,0,14,0,0,0,0,0,0,0,0,38,115,0,0,1,12,0,0,0,0,2,0,0,0,0,0,82,0,0,0,0,0,0,0,2,0,0,0,0,15,0,0,0,1,0,0,0,0,8,0,0,0
8,2013,10,1,0,0,104,0,0,0,0,83,0,0,0,0,0,0,0,0,26,0,0,0,0,14,0,1,1,0,0,0,29,1,1,0,0,35,0,0,0,0,0,0,0,0,5,41,0,0,0,13,0,0,1,0,0,0,0,2,0,0,70,0,10,0,0,0,18,5,24,0,0,0,0,5,0,0,0,0,0,0,0,0,4,0,0,0
8,2014,6,0,0,0,180,0,0,0,0,47,0,0,0,0,0,0,0,0,41,0,0,2,0,0,0,0,0,0,0,0,26,0,0,0,0,4,0,0,0,0,0,0,0,0,115,0,0,0,0,21,0,0,0,0,0,0,0,1,0,0,11,0,4,0,0,0,36,3,6,0,0,0,0,2,0,0,0,19,0,0,0,0,2,0,0,0
8,2014,10,0,0,0,34,0,0,0,0,74,0,0,4,1,0,0,0,0,55,0,0,7,0,0,0,0,0,0,0,0,7,0,0,0,0,6,0,0,0,0,0,0,0,0,23,10,0,0,0,45,0,0,0,0,0,0,0,0,0,0,12,0,0,0,0,0,1,1,2,2,0,0,0,0,0,0,0,217,0,0,0,0,0,0,0,0
9,2001,6,1,0,0,3,0,0,0,0,17,0,0,7,0,0,0,0,0,50,0,0,0,0,0,0,0,0,0,0,0,11,0,0,0,0,47,0,0,0,1,0,1,0,0,64,8,0,0,4,23,0,0,0,0,22,0,0,0,0,0,4,0,0,0,0,0,0,0,0,0,0,0,0,0,0,0,0,1,0,0,0,0,14,0,0,0
9,2001,11,0,0,6,2,0,0,0,0,22,0,0,0,0,0,0,0,0,3,1,0,1,0,0,0,0,0,0,0,0,13,0,0,0,0,2,0,0,0,0,0,3,0,0,30,9,0,0,0,0,0,0,0,0,0,0,0,0,0,0,0,0,0,0,0,0,0,3,0,0,0,0,0,0,0,0,0,101,0,0,0,0,0,0,2,0
9,2002,6,8,0,0,1,0,0,0,0,83,0,0,14,0,0,0,0,0,94,0,0,0,0,0,0,0,0,0,0,0,15,0,2,0,0,2,0,0,0,0,0,0,0,0,40,3,0,0,2,11,11,0,0,0,2,0,0,0,0,0,4,0,0,0,0,0,0,0,0,0,0,0,0,1,0,0,0,12,0,0,0,0,10,0,0,0
9,2002,10,1,0,0,2,0,0,0,0,28,0,0,2,0,0,0,0,0,123,0,0,2,0,0,0,0,0,0,0,0,13,0,1,0,0,3,2,0,0,0,0,1,0,0,13,8,0,0,0,12,0,0,2,0,0,0,0,0,0,0,1,0,0,0,0,0,1,0,1,0,0,0,0,0,0,0,0,47,0,0,0,0,16,0,0,0
9,2003,6,2,0,0,3,0,0,0,0,193,0,0,1,0,0,0,0,0,19,0,0,0,0,0,0,1,0,0,0,0,16,0,1,0,0,0,1,0,0,0,1,0,0,0,136,3,0,0,0,21,0,0,0,0,3,1,0,0,0,0,4,0,0,0,0,0,0,0,2,0,0,0,0,3,1,0,0,83,0,0,0,0,5,0,0,0
9,2003,10,6,0,0,0,0,0,0,0,20,0,0,3,0,0,0,0,0,281,0,0,1,0,0,1,0,0,0,0,0,26,0,0,0,0,0,1,0,0,0,0,0,0,0,28,11,0,0,0,8,0,0,0,0,0,0,1,0,0,0,1,0,0,0,0,0,16,0,1,0,0,0,0,2,0,0,0,58,0,0,0,0,14,0,0,0
9,2004,6,5,0,0,3,0,0,0,0,67,0,0,1,1,0,0,0,111,0,0,0,1,0,1,0,0,0,0,0,0,7,1,0,0,0,44,0,0,0,0,0,0,0,0,124,26,0,0,0,24,0,0,0,0,7,0,0,0,0,0,25,0,1,0,0,0,0,0,1,0,0,0,0,1,0,0,0,48,0,0,0,1,11,0,0,0
9,2004,10,2,0,0,1,0,0,0,0,108,0,0,2,0,0,1,0,0,43,0,0,2,0,0,0,1,0,0,0,0,11,0,0,0,0,4,0,0,0,2,0,0,0,0,27,15,0,0,0,19,0,0,3,0,0,0,0,1,0,0,4,0,1,0,0,0,1,0,3,0,0,0,0,7,0,0,0,224,0,0,0,0,13,0,0,0
9,2005,6,1,0,0,6,0,0,0,0,238,0,0,1,0,0,0,0,0,16,0,0,0,0,0,0,0,0,0,0,0,10,0,1,0,0,1,0,0,0,0,6,0,0,0,53,5,0,2,0,20,0,0,0,0,0,0,0,0,0,0,8,0,2,0,0,1,1,0,2,0,0,0,0,1,1,0,0,106,0,0,0,0,0,0,0,0
9,2005,10,1,0,0,2,0,0,0,0,78,0,0,6,0,0,0,0,0,124,0,0,0,0,0,0,0,0,0,0,0,24,1,1,0,0,1,0,0,0,0,0,0,0,0,64,8,0,0,1,10,0,0,0,0,0,0,0,0,0,0,7,0,0,0,0,0,10,0,1,0,0,0,0,1,0,0,0,113,0,1,0,0,49,0,0,0
9,2006,6,1,0,0,1,0,0,0,0,192,0,0,2,0,0,0,0,0,61,0,0,0,0,0,0,1,0,0,0,0,17,0,0,0,0,0,0,0,0,0,0,0,0,0,55,0,0,0,0,9,0,0,0,0,0,0,0,0,0,0,0,0,0,0,0,1,11,0,4,0,0,0,0,0,0,0,0,157,0,0,0,0,15,0,4,0
9,2006,10,1,0,0,17,0,0,0,0,59,0,0,1,0,0,0,0,0,14,0,0,3,0,0,0,0,0,0,0,0,54,0,0,0,0,9,0,0,0,0,0,0,0,0,11,19,0,0,1,17,0,0,0,0,0,0,0,0,0,0,5,16,3,0,0,0,6,0,5,1,0,0,0,2,0,0,0,240,0,0,0,0,7,0,0,0
9,2007,6,3,0,0,4,0,0,0,0,30,0,0,1,0,0,1,0,0,120,0,0,0,0,0,0,0,0,0,0,0,21,1,0,0,0,28,0,0,0,0,1,0,0,0,76,20,0,0,0,33,0,0,0,0,4,0,0,0,0,0,91,0,1,0,0,1,18,1,0,0,0,0,0,0,0,0,0,20,0,0,0,0,9,0,0,0
9,2007,10,1,0,0,14,0,0,0,0,33,0,0,3,0,0,0,0,0,62,0,0,3,0,0,2,1,0,0,0,1,34,1,3,0,0,28,0,0,0,3,0,0,0,0,15,36,0,0,0,133,0,0,0,0,1,0,0,11,0,0,60,5,0,0,0,0,3,0,11,0,0,0,0,26,0,0,0,4,0,0,0,0,9,0,0,0
9,2008,6,1,0,0,6,0,0,0,0,99,0,0,9,0,0,2,0,1,113,0,0,1,0,0,0,0,0,0,0,0,28,0,0,0,0,37,0,0,0,0,1,0,0,0,100,13,0,0,1,65,0,0,0,0,14,0,0,0,0,0,10,0,1,0,0,0,6,0,7,0,0,0,0,1,0,0,0,10,0,0,0,1,5,0,0,0
9,2008,10,1,0,0,6,0,0,0,0,114,0,0,10,0,0,0,0,0,118,0,0,6,0,0,0,0,0,0,0,0,46,0,0,0,0,4,0,0,0,4,4,2,0,0,29,49,0,0,1,20,0,0,5,0,0,0,0,6,0,0,0,0,0,0,0,0,3,3,8,0,0,0,0,0,0,0,0,27,0,0,0,0,16,0,16,0
9,2009,6,0,0,0,11,0,0,0,0,181,0,0,0,0,0,0,0,0,74,0,0,0,0,0,0,0,0,0,0,0,10,0,1,0,0,0,0,0,0,0,0,0,0,0,83,5,0,0,0,14,1,0,0,0,6,0,0,1,0,0,0,0,0,0,2,0,14,0,3,0,0,0,0,2,0,0,0,100,0,0,0,2,1,0,0,0
9,2009,10,0,0,0,26,0,0,0,0,94,0,0,7,0,0,0,0,0,85,0,0,6,0,0,0,0,0,0,0,0,60,0,0,0,0,21,0,0,0,2,0,0,0,0,42,13,0,0,0,11,0,0,0,0,0,1,0,4,0,0,29,0,1,0,1,0,30,1,11,0,0,0,0,3,0,0,0,52,0,1,0,0,1,0,0,0
9,2010,6,0,0,0,36,0,0,0,0,286,0,0,2,0,0,0,0,0,33,0,0,0,0,0,0,0,0,0,0,0,3,0,0,0,0,3,0,0,0,0,0,0,0,0,38,8,0,0,0,5,0,0,0,0,3,0,0,0,0,0,1,0,0,0,0,0,1,0,1,0,0,0,0,2,0,0,0,64,0,0,0,7,1,0,2,0
9,2010,10,3,0,0,17,0,0,0,0,102,0,0,0,0,0,1,0,0,54,0,0,3,0,0,0,1,0,0,0,0,24,0,0,0,0,5,0,0,0,0,0,0,0,0,59,18,0,0,0,8,0,0,2,0,0,0,0,0,0,0,0,1,0,0,0,0,34,0,10,0,0,0,0,0,0,0,0,192,0,0,0,0,7,0,0,0
9,2011,6,4,0,0,6,0,0,0,0,226,0,0,0,0,0,0,0,1,83,0,0,1,0,0,0,0,0,0,0,0,4,0,1,0,0,0,0,0,0,0,0,0,0,0,57,7,0,0,0,1,0,0,0,0,0,0,0,0,0,0,17,0,1,0,1,0,3,0,4,0,0,0,0,1,0,0,0,77,0,0,0,7,0,0,0,0
9,2011,10,0,0,0,108,0,0,0,0,46,0,0,0,0,0,0,0,0,34,0,0,5,0,1,0,0,0,0,0,0,8,0,0,0,0,12,0,0,0,0,0,0,0,0,23,2,0,0,0,24,0,0,0,0,0,0,0,2,0,0,52,1,0,0,0,0,0,0,5,0,0,0,0,5,0,0,0,157,0,0,0,0,4,0,0,0
9,2012,6,1,0,0,2,0,0,0,0,128,0,0,0,0,0,0,0,0,119,0,0,0,0,0,0,0,0,0,0,0,9,1,0,0,0,6,1,0,0,0,8,0,0,0,72,34,0,0,1,8,0,0,0,2,1,0,0,0,0,0,24,0,0,0,1,1,2,0,3,0,0,0,0,6,0,0,0,98,0,0,0,1,1,0,0,0
9,2013,10,2,0,0,53,0,0,0,0,70,0,0,0,0,0,0,0,0,50,0,0,8,0,0,0,0,0,0,0,0,32,0,0,0,0,44,0,0,0,0,0,3,0,0,2,21,0,0,2,62,0,0,2,0,1,0,0,3,0,0,48,1,1,0,0,0,0,1,12,0,0,0,0,0,0,0,0,3,0,0,0,1,1,0,0,0
9,2014,6,1,0,0,14,0,0,0,0,12,0,0,2,0,0,0,0,2,114,0,0,5,0,0,0,0,0,0,0,0,13,0,0,0,0,17,0,2,0,0,3,0,0,0,42,8,0,1,0,167,0,0,0,0,5,0,0,0,0,0,4,0,0,0,0,0,2,3,21,0,0,0,0,7,1,0,0,3,55,0,0,1,1,0,10,0
9,2014,10,4,0,0,12,0,0,0,0,91,0,0,0,1,0,0,0,0,105,0,0,3,0,0,0,0,0,0,0,0,42,0,0,0,0,19,0,0,0,2,0,0,0,0,63,38,0,0,0,40,0,0,4,0,1,0,0,0,0,1,2,0,3,0,0,0,14,0,10,0,0,0,0,7,0,0,0,14,0,0,0,3,13,0,0,0
10,2001,6,2,0,0,0,0,0,0,0,20,0,0,0,0,0,0,0,0,85,0,1,0,0,0,0,0,0,0,0,0,11,0,0,0,0,114,0,0,0,0,0,0,0,0,77,20,0,0,0,4,0,0,0,0,2,0,0,0,1,1,5,0,0,0,0,0,0,0,0,0,0,0,0,1,1,0,0,14,0,0,0,1,1,0,0,0
10,2001,11,1,0,0,3,0,0,1,0,91,0,0,0,0,0,0,0,1,5,0,0,1,0,0,0,3,0,0,0,0,27,0,0,0,0,0,0,0,0,0,1,0,0,0,49,2,0,0,1,3,0,0,0,0,0,0,0,0,0,0,3,0,0,0,0,0,13,1,1,0,0,0,0,0,1,0,0,108,0,0,0,0,0,0,0,0
10,2002,6,4,0,0,1,0,0,0,0,41,0,0,0,0,0,0,0,0,115,0,0,0,0,0,0,0,0,0,0,0,7,0,0,0,0,6,0,0,0,0,0,0,0,0,93,13,0,0,0,13,0,0,0,0,6,0,0,0,0,0,4,0,0,0,0,0,2,0,0,0,0,0,0,3,0,0,0,99,0,0,0,0,0,0,1,0
10,2002,10,5,0,0,11,0,0,0,0,78,0,0,1,0,0,0,0,0,65,0,0,0,0,0,0,2,0,0,0,0,35,0,0,0,0,10,0,0,0,0,0,0,0,0,20,36,0,0,1,7,0,0,1,0,1,0,0,3,0,0,7,0,0,0,0,0,2,0,4,0,0,0,0,1,0,0,0,9,0,0,0,0,0,0,0,0
10,2003,6,6,0,0,5,0,0,0,0,209,0,0,0,1,0,0,0,0,40,0,0,0,0,0,0,0,0,0,0,0,7,0,0,0,0,6,0,0,0,6,1,0,0,0,143,11,0,0,0,8,0,0,0,0,3,0,0,0,0,0,4,0,0,0,0,1,0,0,1,0,0,0,0,7,0,0,0,45,0,0,0,0,0,0,0,0
10,2003,10,5,0,0,12,0,0,0,0,89,0,0,1,0,0,0,0,1,145,0,0,7,0,0,0,1,0,0,0,0,47,0,0,0,0,3,0,0,0,0,0,0,0,0,53,30,0,0,0,8,0,0,0,0,0,0,0,0,0,0,5,3,0,0,0,0,26,0,1,0,0,0,0,0,0,0,0,65,0,0,0,0,13,0,0,0
10,2004,6,25,0,0,4,0,0,0,0,71,0,0,1,0,0,0,0,0,89,0,0,1,0,0,0,0,0,0,0,0,72,0,0,0,0,12,0,0,0,0,1,0,0,0,112,28,0,0,0,30,0,0,0,0,9,0,0,0,0,0,7,0,0,0,0,0,3,0,2,0,0,0,0,2,0,0,0,44,0,0,0,4,0,0,0,0
10,2004,10,3,0,0,6,0,0,0,0,177,0,0,1,0,0,0,0,0,82,0,0,10,0,0,0,0,0,0,0,0,61,0,0,0,0,4,0,0,0,0,1,2,0,0,58,40,0,0,0,9,0,0,0,0,0,0,0,1,0,0,2,0,1,0,0,0,6,0,2,0,0,0,0,2,0,0,0,31,0,0,0,0,14,0,0,0
10,2005,10,0,0,0,6,0,0,0,0,58,0,0,0,0,0,0,0,0,2,0,0,1,0,0,0,1,0,0,0,0,6,0,1,0,0,11,0,0,0,0,0,0,0,0,21,24,0,0,0,0,0,0,0,0,0,1,0,0,0,0,8,0,0,0,0,0,2,0,2,1,0,0,0,0,0,0,0,344,0,0,0,0,0,0,0,0
11,2001,6,12,0,0,0,0,0,0,0,6,0,0,10,0,0,0,0,0,109,1,0,0,1,2,0,0,0,0,0,0,14,6,0,0,0,1,0,6,0,0,1,0,0,0,3,0,0,0,0,1,0,1,0,1,0,3,0,0,2,1,29,0,0,0,2,0,0,2,0,0,0,0,0,0,24,0,2,40,0,0,0,4,0,0,0,0
11,2002,6,1,0,0,0,0,0,0,0,26,0,0,0,0,0,0,0,0,122,0,0,0,0,0,0,0,0,0,0,0,3,1,4,0,0,1,0,2,0,0,15,0,0,0,2,0,0,2,0,0,0,0,0,0,0,0,0,0,0,0,18,0,0,0,1,0,0,0,0,0,0,0,0,0,5,1,0,39,0,0,0,0,0,0,0,0
11,2002,10,3,0,0,0,0,0,0,0,5,0,0,4,0,0,0,0,0,210,1,0,0,0,0,0,0,0,0,0,0,4,0,15,0,0,0,0,5,0,0,11,0,0,0,4,0,0,1,0,0,5,0,0,0,0,0,0,0,1,0,10,0,0,0,0,0,0,2,0,0,0,0,0,0,0,0,3,8,0,0,0,0,0,0,0,0
11,2003,6,20,0,0,0,0,0,0,0,34,0,0,0,0,0,0,0,0,193,0,0,0,0,1,0,0,0,0,0,0,0,4,4,0,0,0,0,5,0,0,5,0,0,0,0,0,0,2,0,0,1,0,0,1,0,0,0,0,7,0,114,0,0,0,1,0,0,0,0,0,1,0,0,0,2,0,0,105,0,0,0,0,0,0,0,0
11,2003,10,35,0,0,0,0,0,0,0,12,0,0,10,0,1,0,2,1,260,4,0,0,0,7,0,0,0,0,0,0,7,3,7,0,0,0,0,5,0,0,3,0,0,1,10,0,0,6,0,0,5,0,0,0,0,0,0,0,0,0,69,0,0,0,0,0,0,2,0,0,0,0,0,0,3,0,4,41,0,0,0,1,0,0,2,0
11,2004,6,0,0,0,0,0,0,0,0,6,0,0,0,0,0,0,0,1,33,0,0,0,0,0,0,0,0,0,0,0,4,2,0,0,0,0,0,1,0,0,10,0,0,1,1,0,0,2,0,0,0,0,0,1,0,6,0,1,0,0,14,0,0,0,0,1,0,0,0,0,0,0,0,0,2,0,1,0,0,0,0,1,0,0,0,0
11,2004,10,20,0,0,0,0,0,0,0,13,0,0,29,0,0,0,1,0,36,1,0,1,0,1,0,0,0,0,0,0,11,2,2,0,0,0,0,0,0,0,1,0,0,0,25,0,0,5,0,0,0,0,0,0,0,0,0,2,8,0,162,0,0,0,0,0,0,0,0,0,0,0,0,0,3,0,0,196,0,0,0,2,0,0,0,0
11,2005,6,16,0,0,0,0,0,3,0,189,0,0,2,0,0,0,0,0,60,1,0,0,0,0,0,1,0,1,0,0,43,2,2,0,0,0,0,4,0,0,50,0,0,0,7,0,0,2,0,0,0,0,0,0,0,7,0,1,9,0,12,0,0,0,2,0,0,0,0,0,1,3,0,0,28,1,0,50,0,0,0,2,0,0,0,0
11,2005,10,43,0,0,0,0,0,0,0,7,0,0,20,0,0,0,0,0,121,9,0,2,0,0,0,1,0,0,0,0,15,2,8,0,0,0,0,1,0,0,36,0,0,0,18,0,0,0,0,0,0,0,0,0,0,0,0,1,14,0,115,0,1,0,1,0,0,0,0,0,0,1,0,0,5,0,0,71,0,1,0,1,0,0,0,0
11,2006,6,7,0,0,0,0,0,0,0,34,0,0,0,0,0,0,1,0,94,4,0,0,0,0,0,0,0,0,0,0,9,2,1,0,0,0,0,0,0,0,19,0,1,0,1,0,0,5,0,0,0,0,0,0,0,0,0,0,1,0,28,0,0,0,0,4,0,0,0,0,0,1,0,0,10,1,0,4,0,0,0,2,0,0,0,0
11,2006,10,11,0,0,4,0,0,0,0,10,0,0,98,0,0,0,0,1,134,4,0,0,0,1,0,0,0,0,0,0,37,1,8,0,0,0,0,2,0,0,4,0,0,0,29,0,0,5,0,0,7,1,0,0,0,1,0,0,15,0,83,0,0,0,0,0,0,0,0,0,0,0,0,0,4,4,0,9,0,0,0,3,0,0,0,0
11,2007,6,30,0,0,1,0,0,3,0,14,0,0,12,0,0,0,0,2,222,0,0,0,0,1,0,0,0,0,0,0,18,9,1,0,0,0,0,0,0,0,9,0,0,0,0,0,0,15,0,0,0,2,0,12,0,2,0,0,3,0,74,0,0,0,0,0,0,0,0,0,0,1,0,0,3,0,0,53,0,0,0,3,0,0,0,0
11,2007,10,9,0,0,0,0,0,0,0,20,0,0,27,0,0,0,0,0,259,17,0,0,0,7,0,0,0,0,0,0,12,2,13,0,0,0,0,1,0,0,2,0,1,0,13,0,0,5,0,1,0,1,0,1,0,0,0,0,14,0,81,0,0,0,0,0,0,0,0,0,0,0,0,1,3,0,0,3,0,0,0,2,0,0,0,0
11,2008,6,8,0,0,0,0,0,0,0,6,0,0,1,0,0,0,2,0,283,10,0,0,0,1,0,0,0,3,0,0,19,6,0,0,0,5,0,1,0,0,0,0,0,0,1,1,0,12,0,0,0,2,0,0,0,1,0,0,3,0,60,0,0,0,0,0,0,0,0,5,0,0,0,0,8,0,1,53,0,0,2,6,0,0,0,0
11,2008,10,11,0,0,1,0,0,0,0,4,0,0,25,0,0,0,0,0,220,5,0,0,0,10,0,0,0,0,0,0,16,2,2,0,0,0,1,16,0,0,8,0,0,0,5,0,0,7,1,0,0,0,0,0,0,1,0,0,0,0,118,0,1,0,0,0,0,1,1,0,5,0,0,0,2,3,3,23,0,0,0,2,0,0,0,0
11,2009,6,18,0,0,0,0,0,0,0,65,0,0,0,0,0,0,0,2,252,8,0,0,0,1,0,0,0,1,0,0,31,6,1,0,0,0,1,9,0,0,1,0,0,0,2,0,0,3,0,0,0,1,0,0,0,0,0,0,2,0,56,0,0,0,2,0,0,0,0,0,1,0,0,0,6,0,0,0,0,0,0,15,0,0,2,0
11,2009,10,17,0,0,0,0,0,0,0,5,0,0,1,0,0,0,0,1,201,32,0,0,0,7,0,0,0,0,0,0,38,5,0,0,0,0,0,15,0,0,4,0,0,0,0,1,0,28,2,0,1,0,0,0,0,2,0,0,1,0,103,0,6,0,0,1,0,3,0,0,2,0,0,0,0,3,10,20,0,0,0,2,0,0,0,0
11,2010,6,17,0,0,0,0,0,0,0,24,0,0,3,0,0,0,0,2,313,0,0,1,0,0,0,0,0,0,0,1,6,8,0,0,0,2,0,4,0,0,4,0,0,0,0,0,0,4,1,0,0,0,0,0,0,4,0,0,0,0,80,0,0,0,0,0,0,0,0,0,0,1,0,0,0,0,0,23,0,0,0,2,0,0,0,0
11,2010,10,7,0,0,0,0,0,0,0,8,0,0,3,0,0,0,0,1,209,25,0,0,0,5,0,0,0,0,0,0,29,4,1,0,0,1,0,1,0,0,1,0,0,0,4,0,0,0,0,0,0,0,0,0,0,3,0,2,0,0,150,0,2,0,0,0,0,0,0,1,2,0,0,0,0,0,0,9,0,1,0,24,0,0,0,0
11,2011,6,34,0,0,0,0,0,0,0,33,0,0,1,0,0,0,0,1,377,0,0,0,0,3,0,0,0,0,0,0,4,10,1,0,0,1,0,5,0,0,9,0,0,0,1,0,0,2,0,0,0,1,0,0,0,1,0,0,4,0,21,0,0,0,2,0,0,0,0,0,1,1,0,0,1,2,0,39,0,0,0,0,0,0,1,0
11,2011,10,19,0,0,0,0,0,0,0,2,0,0,64,0,0,0,0,0,107,46,0,1,0,4,0,0,0,0,0,0,18,4,17,0,0,5,0,7,0,0,13,0,0,0,9,0,0,13,0,0,2,0,0,0,0,1,0,1,12,0,81,0,3,0,0,0,0,0,1,0,0,0,0,0,1,0,3,1,0,0,0,43,0,0,0,0
11,2012,6,13,0,2,0,0,0,0,0,17,0,0,0,0,0,1,2,3,321,3,0,0,0,0,0,0,0,0,0,0,18,5,1,0,0,0,0,2,0,0,10,0,0,0,1,0,0,0,0,0,0,0,0,0,0,0,0,0,4,0,32,0,3,0,0,2,0,0,0,0,0,0,0,0,3,3,0,49,0,0,0,5,0,0,0,0
11,2013,10,30,0,0,0,0,0,0,0,0,0,0,51,0,2,0,0,5,105,0,0,1,0,26,0,0,0,0,0,0,38,3,0,0,0,0,0,6,0,0,0,0,0,0,1,0,0,48,0,0,0,0,0,0,0,0,0,0,0,0,11,0,0,0,0,0,0,4,0,0,0,0,1,0,5,9,3,1,0,0,0,5,0,0,0,0
11,2014,6,7,0,1,0,0,0,0,0,27,0,0,0,0,0,0,0,10,277,6,0,0,0,5,0,0,0,0,0,0,27,10,0,0,0,0,4,0,0,0,0,0,0,0,2,0,0,0,0,0,0,0,0,0,0,1,0,0,2,0,6,0,0,0,6,1,3,0,0,0,0,0,0,0,22,0,5,46,0,0,0,7,3,0,473,0
11,2014,10,26,0,1,1,0,0,0,0,3,0,0,0,0,0,0,0,15,227,8,0,0,0,8,1,0,0,0,0,0,29,3,0,0,2,1,0,8,0,0,1,2,0,1,0,0,0,0,0,0,0,0,1,0,0,0,0,0,0,0,5,1,3,0,1,2,0,0,0,0,0,0,0,0,0,0,1,19,1,0,0,0,0,0,1,0
11,2015,10,5,0,2,0,0,0,0,0,41,0,0,1,0,0,0,0,1,181,7,0,1,0,4,0,0,0,1,0,0,3,1,13,0,0,2,0,22,0,0,8,0,0,0,6,0,0,8,1,0,16,9,0,0,0,2,0,0,12,0,76,0,15,0,0,0,0,0,0,0,0,0,0,0,0,1,0,55,0,2,0,1,1,0,1,0
12,2001,6,8,0,0,0,0,0,0,0,5,0,0,9,0,0,0,1,0,156,0,0,0,2,0,0,0,0,0,0,0,4,1,28,0,0,0,0,2,0,0,3,0,0,0,5,0,0,2,0,0,0,1,0,0,0,0,0,0,1,0,16,0,0,0,1,0,0,0,0,0,0,2,0,0,0,0,0,6,0,0,0,2,0,0,1,0
12,2002,6,3,0,0,0,0,0,0,0,51,0,0,0,0,0,0,0,0,172,0,0,0,0,1,0,0,0,0,0,0,7,5,1,0,0,0,0,2,0,0,1,0,0,0,4,0,0,0,0,0,0,0,0,1,0,0,0,0,10,0,19,0,0,0,1,0,1,0,0,0,0,0,0,0,2,0,1,43,0,0,0,0,0,0,1,0
12,2002,10,7,0,0,0,0,0,0,0,22,0,0,1,0,0,0,4,0,91,1,0,2,0,8,0,0,0,0,0,0,22,1,21,0,0,1,1,2,0,0,20,0,0,0,28,3,0,1,0,0,4,0,0,0,0,0,0,1,7,0,2,0,0,0,5,1,0,0,0,0,0,0,0,0,0,0,1,37,0,0,0,3,0,0,0,0
12,2003,6,6,0,0,0,0,0,0,0,52,0,0,3,0,0,0,0,1,315,0,0,0,0,0,0,0,0,0,0,0,1,0,3,0,0,0,0,2,0,0,12,0,0,0,0,2,0,2,0,0,0,1,0,0,0,2,0,0,18,0,27,1,0,0,2,0,0,0,0,0,0,1,0,0,4,3,0,40,0,0,0,2,0,0,0,0
12,2003,10,16,0,0,0,0,0,0,0,25,0,0,9,0,1,0,6,1,265,0,0,6,0,13,0,0,0,0,0,0,44,2,28,0,0,1,1,12,0,0,7,0,0,0,26,0,0,10,0,0,2,0,0,0,0,0,0,0,13,1,3,0,0,0,0,0,0,0,0,0,0,0,0,0,0,0,3,10,0,0,0,0,0,0,0,0
12,2004,6,18,0,0,0,0,0,0,0,16,0,0,5,0,0,0,0,0,301,0,0,0,0,0,0,0,0,0,0,0,12,7,6,0,0,1,0,4,0,0,3,0,0,0,0,3,0,7,0,0,0,0,0,0,0,2,0,0,7,0,86,0,0,0,0,0,0,0,0,0,0,0,0,0,0,1,0,23,0,0,0,1,0,0,0,0
12,2004,10,6,1,0,0,0,0,0,0,41,0,0,21,0,0,0,0,0,114,0,0,0,0,1,0,0,0,0,0,0,28,6,5,0,0,2,0,8,0,0,13,0,0,0,19,9,0,2,0,0,3,0,0,0,0,0,0,0,64,0,115,0,1,0,4,0,0,1,0,0,0,3,0,0,0,0,0,18,0,0,0,0,0,0,0,0
12,2005,6,7,0,0,1,0,0,0,0,130,0,0,1,0,0,0,0,1,176,0,0,0,0,1,0,1,0,0,0,0,16,5,2,0,0,0,0,3,0,0,15,0,0,0,3,0,0,0,0,0,0,0,0,0,0,2,0,0,38,0,1,0,0,0,4,0,0,0,0,0,0,1,0,0,13,0,0,81,0,0,0,2,0,0,0,0
12,2005,10,12,0,0,0,0,0,0,0,44,0,0,34,0,0,0,9,2,138,1,0,0,0,1,0,0,0,0,0,0,30,1,91,0,0,3,0,4,0,0,25,0,0,0,14,1,0,0,0,2,0,0,0,0,0,0,0,0,26,0,17,0,0,0,3,1,0,0,0,0,0,0,0,0,0,0,1,9,0,0,1,7,0,0,0,0
12,2006,6,4,0,0,0,0,0,1,0,124,0,0,1,0,0,0,0,0,160,2,0,0,0,0,0,0,0,0,0,0,14,9,6,0,0,0,0,0,0,0,26,0,1,0,6,0,0,0,0,0,0,0,0,7,0,0,0,0,10,0,6,0,0,0,8,0,0,0,0,0,0,0,0,0,23,0,0,47,0,0,0,2,0,0,0,0
12,2006,10,15,0,0,2,0,0,0,0,13,0,0,35,0,0,0,19,0,218,0,0,0,0,1,0,0,0,0,0,0,12,1,27,0,0,0,0,2,0,0,13,0,0,0,24,2,0,3,0,0,0,2,0,0,0,3,0,0,38,0,72,0,0,0,8,0,0,0,0,0,0,2,0,0,1,4,0,11,0,0,0,3,1,0,0,0
12,2007,6,13,0,0,0,0,0,6,0,127,0,0,8,0,0,0,0,0,116,0,0,0,0,0,0,0,0,0,0,0,13,2,6,0,0,0,0,1,0,0,10,0,0,0,0,1,0,0,0,0,0,2,0,0,0,0,0,0,2,0,23,0,0,0,7,0,0,0,0,0,0,1,0,0,3,0,0,157,0,0,0,1,0,0,0,0
12,2007,10,50,0,0,0,0,0,0,0,106,0,0,180,0,0,0,6,2,438,10,0,0,0,0,0,0,0,0,0,0,28,8,54,0,0,0,0,2,0,0,0,0,0,0,17,2,0,0,0,0,2,0,0,0,0,0,0,0,18,0,45,0,0,0,0,4,0,1,0,0,0,4,0,0,2,10,0,8,0,0,0,4,0,0,0,0
12,2008,6,13,0,0,0,0,0,0,0,8,0,0,0,0,0,0,0,0,403,0,0,0,0,0,0,0,0,0,0,0,12,0,1,0,0,8,0,0,0,0,0,0,0,0,0,2,0,5,0,0,1,0,0,0,0,0,0,0,4,0,40,0,0,0,1,0,0,0,0,0,0,0,0,1,0,0,0,8,0,0,0,1,0,0,0,0
12,2008,10,45,0,0,0,0,0,0,0,42,0,0,22,0,0,0,0,3,151,7,0,0,0,1,0,0,0,0,0,0,43,1,16,0,0,0,0,4,0,0,8,0,0,0,1,0,0,15,0,0,4,4,0,0,0,0,0,1,6,0,89,0,0,0,1,1,0,0,1,0,0,1,0,0,3,0,0,20,0,0,1,2,0,0,0,0
12,2009,6,23,0,0,0,0,0,0,0,84,0,0,1,0,0,0,0,0,135,1,0,0,0,3,0,0,0,0,0,0,30,4,1,0,0,3,0,11,0,0,4,0,0,0,3,3,0,5,0,0,3,0,0,1,0,3,0,0,3,0,53,0,0,0,0,0,0,0,0,0,0,0,0,0,2,1,2,3,0,0,0,9,0,0,1,0
12,2009,10,64,0,0,2,0,0,0,0,7,0,0,10,0,0,0,0,4,153,23,0,5,0,8,0,0,0,0,0,0,67,0,8,0,0,25,0,20,0,0,12,0,0,0,2,3,0,42,3,1,2,2,0,0,0,1,0,0,7,0,56,1,1,0,1,0,0,2,0,0,0,0,0,0,0,0,0,1,0,0,0,6,0,0,0,0
12,2010,6,22,0,0,0,0,0,0,0,45,0,0,2,0,1,0,0,3,295,0,0,1,0,4,0,0,0,0,0,0,7,7,1,0,0,0,0,4,0,0,4,0,0,0,0,12,0,1,0,0,0,2,0,0,0,1,0,0,6,0,34,0,0,0,1,0,0,0,0,0,0,0,0,0,2,2,0,34,0,0,0,4,0,0,0,0
12,2010,10,31,0,0,0,0,0,0,0,33,0,0,14,0,0,0,0,0,158,5,0,2,0,6,0,0,0,0,0,0,4,5,6,0,0,6,0,0,0,0,8,0,0,0,3,1,0,2,0,0,0,2,0,0,0,1,0,1,7,0,178,0,0,0,2,1,1,0,0,0,0,0,0,0,1,0,0,6,0,0,0,7,0,0,0,0
12,2011,6,23,0,0,0,0,0,0,0,44,0,0,0,0,0,0,0,0,344,2,0,0,0,2,0,0,0,0,0,0,8,5,0,0,0,0,0,3,0,0,14,0,0,0,2,0,0,2,0,0,0,0,0,0,0,0,0,0,4,0,7,0,0,0,2,0,0,0,0,0,0,0,0,0,3,0,1,60,0,0,1,0,0,0,0,0
12,2011,10,4,1,0,0,0,0,0,0,1,0,0,0,0,0,0,9,5,151,6,0,0,0,7,0,0,0,0,0,0,17,5,6,0,0,8,0,19,0,0,3,0,0,0,2,0,0,17,3,0,1,0,0,0,0,0,0,0,5,0,176,0,44,0,2,0,0,0,0,0,0,2,0,0,0,3,5,0,0,0,0,1,0,0,0,0
12,2012,6,13,0,0,0,0,0,0,0,42,0,0,5,0,0,0,0,0,399,4,0,0,0,0,0,0,0,0,0,0,5,0,1,0,0,2,0,1,0,0,12,0,0,0,1,0,0,0,0,0,0,1,0,1,0,0,0,0,5,0,17,0,0,1,4,0,2,0,0,0,0,0,0,0,4,3,0,61,0,0,0,9,0,1,0,0
12,2012,10,4,0,0,0,0,0,0,0,41,0,0,88,0,1,0,3,2,138,4,0,0,0,1,0,0,0,1,0,0,27,4,19,0,0,1,1,5,0,0,2,0,0,0,5,0,0,23,0,0,0,0,0,0,0,0,0,0,25,0,22,0,1,0,6,1,0,1,0,0,0,1,0,0,2,6,2,3,0,0,0,0,0,0,3,0
12,2013,10,1,0,1,0,0,0,0,0,50,0,0,37,0,0,0,2,1,129,12,0,2,0,7,0,0,0,0,0,0,15,1,60,0,0,0,0,6,0,0,10,0,0,0,2,0,0,18,0,4,0,2,0,0,0,2,0,1,6,0,53,0,0,0,3,4,0,0,0,0,0,0,0,0,5,16,0,1,0,0,0,7,1,0,0,0
12,2014,6,3,0,0,0,0,0,0,0,5,0,0,0,0,0,0,0,2,458,0,0,0,0,0,0,0,0,0,0,0,0,2,2,0,0,0,0,0,0,0,0,0,0,0,0,0,0,1,0,0,0,0,0,0,0,0,0,0,2,0,0,0,0,0,0,0,1,0,0,0,0,0,0,0,0,0,0,0,0,0,0,25,0,0,0,0
12,2014,10,22,0,0,0,0,0,0,0,0,0,0,4,0,0,0,1,6,325,0,0,5,0,15,0,0,0,0,0,0,25,1,2,0,0,2,0,12,0,0,0,0,0,0,0,0,0,11,0,0,0,2,2,1,0,0,0,0,11,0,12,0,1,0,0,0,0,0,0,0,0,0,0,0,2,3,0,0,0,0,0,10,0,0,0,0
13,2001,6,11,0,0,0,0,0,0,0,6,1,0,2,0,0,0,0,0,107,2,0,0,0,1,0,0,0,0,0,0,10,7,0,0,0,0,0,8,0,0,5,0,0,0,3,2,0,0,0,1,1,0,0,0,0,0,0,0,18,0,19,0,0,0,5,0,0,0,0,0,0,0,0,0,14,0,2,11,0,0,0,3,0,0,0,0
13,2002,6,5,0,0,1,0,0,0,0,10,0,0,7,0,0,0,0,2,197,1,0,0,0,0,0,0,0,0,0,1,6,1,0,0,0,0,0,6,0,0,5,0,0,0,10,0,0,0,0,0,0,0,0,0,0,0,0,0,13,0,17,0,0,0,1,1,0,0,0,0,0,0,0,0,4,0,1,34,0,0,0,0,0,0,1,0
13,2002,10,4,0,0,0,0,0,0,0,2,0,0,7,0,1,0,2,0,111,0,0,0,0,7,0,0,0,0,0,0,12,0,16,0,0,0,0,5,0,0,20,0,0,0,46,0,0,0,0,0,2,0,0,0,0,1,0,0,40,0,3,0,0,0,6,0,0,0,0,0,0,0,0,0,7,0,0,8,0,0,0,0,0,0,0,0
13,2003,6,6,0,0,0,0,0,0,0,29,0,0,2,0,0,0,0,0,243,0,0,0,0,0,0,0,0,0,0,0,12,5,4,0,0,0,0,15,0,0,39,0,0,0,9,1,0,0,0,0,0,0,0,0,0,0,0,0,63,0,10,0,0,0,1,0,0,0,0,0,2,1,0,0,16,4,0,38,0,0,0,0,0,0,0,0
13,2003,10,8,0,0,0,0,0,0,0,4,0,0,14,0,0,0,4,0,336,1,0,0,0,0,0,0,0,0,0,0,12,0,1,0,0,0,0,1,0,0,12,0,0,0,37,0,0,1,0,0,4,3,0,0,0,0,0,0,22,0,11,0,0,0,7,0,0,0,0,0,0,0,0,0,4,0,0,15,0,0,0,0,0,0,1,0
13,2004,6,3,0,0,0,0,0,4,0,8,0,0,5,0,0,0,0,0,265,0,0,0,0,0,0,0,0,1,0,0,22,6,3,0,0,0,0,12,0,0,43,0,0,0,8,1,0,0,0,0,0,0,0,0,0,1,0,0,24,0,49,0,0,0,0,1,0,0,0,0,0,3,0,0,4,1,0,35,0,0,0,2,0,0,0,0
13,2004,10,8,0,0,0,0,0,4,0,11,0,0,11,0,0,0,3,0,82,1,0,0,0,2,0,0,0,0,0,0,15,1,0,3,0,1,0,11,0,0,67,0,0,0,84,0,0,0,3,0,0,0,0,0,0,0,0,0,105,0,72,0,0,0,5,0,0,0,0,0,0,1,0,0,6,0,0,3,0,0,0,0,0,0,0,0
13,2005,6,8,0,0,0,0,0,4,0,104,0,0,8,0,0,0,1,0,105,0,0,0,0,0,0,1,0,0,0,0,41,7,11,0,0,2,19,4,0,0,59,0,0,0,15,0,0,1,0,0,3,1,0,6,0,0,0,0,42,0,9,0,0,0,21,4,0,1,1,0,1,1,0,0,8,2,0,49,0,0,0,1,2,0,0,0
13,2005,10,11,0,0,0,0,0,0,0,12,0,0,64,0,0,0,18,0,67,8,0,0,0,1,0,1,0,0,0,0,48,0,21,0,0,0,0,10,0,0,47,0,0,0,7,0,0,0,0,0,9,3,0,0,0,0,0,0,39,0,56,0,0,0,16,1,0,1,0,0,0,0,0,0,18,12,0,16,0,0,0,0,1,0,0,0
13,2006,6,4,0,0,0,0,0,7,0,54,0,0,4,0,0,0,0,3,116,5,0,0,0,0,0,1,0,0,0,0,21,14,2,0,0,0,0,1,0,0,46,0,1,0,5,0,0,4,0,0,0,0,0,0,0,1,0,0,33,0,15,0,0,0,12,0,0,0,0,0,0,1,0,0,22,1,0,115,0,0,0,6,0,0,0,0
13,2006,10,3,0,0,0,0,0,1,0,25,0,0,95,0,0,0,2,0,82,3,0,1,0,1,0,1,0,0,0,0,38,5,1,0,0,0,0,1,0,0,29,0,0,0,53,0,0,0,0,0,2,1,0,0,0,2,0,0,108,0,11,0,0,0,14,0,0,0,0,0,0,0,0,0,12,0,0,2,0,0,0,1,0,0,0,0
13,2007,6,9,0,0,0,0,0,3,0,11,0,0,6,0,0,0,0,2,228,4,0,0,0,1,0,1,0,3,0,0,25,22,0,0,0,0,0,5,0,0,26,0,0,0,1,1,0,0,0,0,0,10,0,0,0,1,0,2,30,0,27,0,0,0,8,0,0,0,0,0,0,1,0,0,17,5,0,58,0,0,0,3,0,0,0,0
13,2007,10,6,0,0,0,0,0,0,0,13,0,0,167,0,0,0,1,0,133,13,0,0,0,2,0,0,0,0,0,0,15,1,34,0,0,0,0,3,0,0,13,0,0,0,23,0,0,2,0,0,3,2,0,0,0,0,0,0,64,0,10,0,0,0,4,0,0,0,0,0,0,0,1,0,1,0,0,4,0,0,0,0,0,0,0,0
13,2008,6,26,0,0,0,0,0,0,0,3,0,0,7,0,0,0,0,3,228,11,0,0,0,11,0,0,0,0,0,0,50,24,1,0,0,1,0,28,0,0,0,0,0,0,1,0,0,0,0,0,0,1,0,1,0,1,0,0,23,0,4,2,0,0,5,0,0,0,0,4,0,1,3,0,4,11,1,27,0,0,2,4,0,0,0,0
13,2008,10,6,0,0,0,0,0,0,0,11,0,0,46,0,0,0,0,0,140,14,0,0,0,0,0,0,0,0,0,0,34,5,46,0,0,0,0,7,0,0,10,0,0,0,22,3,0,1,0,0,16,3,0,0,0,1,0,0,53,0,9,0,0,0,5,0,0,1,0,0,0,0,0,0,7,24,1,42,0,0,0,2,0,0,0,0
13,2009,6,9,0,0,0,0,0,0,0,10,0,0,1,0,0,0,0,2,157,7,0,0,0,6,0,0,0,0,0,0,35,10,0,0,0,1,0,9,0,0,14,0,0,0,0,3,0,2,0,0,1,3,0,4,0,1,0,0,16,0,58,0,0,2,0,0,0,0,0,0,0,0,0,0,4,11,1,12,0,0,1,3,0,0,1,0
13,2009,10,9,0,0,0,0,0,0,0,8,0,0,109,0,0,1,0,0,77,50,0,0,0,0,0,0,0,2,0,0,91,4,15,0,0,0,0,9,0,0,10,0,0,0,41,1,0,0,0,0,7,0,0,0,0,0,0,0,13,0,10,0,0,0,5,0,1,0,0,0,2,0,0,0,7,13,1,19,0,0,1,0,0,0,0,0
13,2010,6,13,0,0,0,0,0,3,0,7,0,0,0,0,0,0,0,0,155,1,0,0,0,2,0,0,0,1,0,0,8,7,0,0,0,1,0,6,0,0,11,0,0,0,1,0,0,2,0,0,3,0,0,2,0,2,0,1,16,0,58,0,0,0,3,0,0,0,0,0,0,0,0,0,3,8,0,169,0,0,0,1,0,0,0,0
13,2010,10,12,0,0,0,0,0,0,0,12,0,0,11,0,0,0,9,7,201,2,0,0,0,2,0,0,0,0,0,0,11,1,18,0,0,0,0,7,0,0,12,0,0,0,15,1,0,0,0,0,2,1,0,0,0,0,0,1,7,0,73,0,0,0,0,0,0,1,0,0,0,0,0,0,7,4,0,69,0,0,0,11,0,0,0,0
13,2011,6,1,0,0,0,0,0,0,0,23,0,0,2,0,0,0,1,1,317,3,0,0,0,1,0,0,0,0,0,0,9,6,4,0,0,0,0,7,0,0,25,0,0,0,4,0,0,0,0,0,0,0,0,1,0,1,0,0,9,0,3,0,1,0,0,0,0,0,0,0,0,0,0,0,12,1,0,70,0,0,0,0,0,0,2,0
13,2011,10,7,0,1,0,0,0,0,0,2,0,0,27,0,3,0,0,1,135,14,0,0,0,2,0,0,0,2,0,0,15,7,21,0,0,0,0,15,0,0,9,0,0,0,12,0,0,19,0,0,4,9,0,0,0,0,0,0,20,0,36,0,1,0,5,0,1,5,0,0,0,0,0,0,9,31,8,11,0,0,0,2,0,0,0,0
13,2012,6,5,0,0,1,0,0,0,0,20,0,0,1,0,0,0,0,1,207,3,0,0,0,1,0,0,0,0,0,0,9,1,5,0,0,0,0,6,0,0,8,0,0,0,5,0,0,0,0,0,0,1,0,0,0,0,0,0,6,0,7,0,1,0,1,0,0,0,0,0,0,0,0,0,5,1,0,27,0,0,0,5,0,0,0,0
13,2012,10,25,0,0,0,0,0,0,0,20,0,0,93,0,3,0,4,2,169,9,0,0,0,4,0,0,0,0,0,0,10,1,40,0,0,0,0,2,0,0,4,0,0,0,6,0,0,10,0,0,2,0,0,4,0,0,0,0,39,0,23,0,1,0,2,0,0,0,0,0,0,0,0,0,1,8,1,0,0,0,0,2,0,0,0,0
13,2013,10,4,0,0,0,0,0,0,0,17,0,0,91,0,1,0,2,2,58,9,0,0,0,6,0,0,0,0,0,0,23,0,63,0,0,0,0,4,0,0,37,0,0,0,25,0,0,4,0,0,23,3,0,0,0,0,0,0,40,0,39,0,0,0,0,0,2,3,0,0,0,0,0,0,14,2,0,27,0,0,0,1,0,0,0,0
13,2014,6,9,0,0,0,0,0,0,1,4,0,0,1,0,0,0,0,9,354,1,0,0,0,5,0,0,0,0,0,0,6,6,1,0,0,0,0,9,0,0,7,0,0,0,2,0,0,4,0,0,3,1,0,0,0,0,0,2,20,0,10,0,0,0,1,0,3,0,0,0,0,0,0,0,1,2,2,18,0,0,0,2,3,0,484,0
13,2014,10,5,0,0,0,0,0,0,0,8,0,0,0,0,0,0,0,20,199,16,0,0,0,11,0,0,0,0,0,0,6,0,12,0,0,0,0,22,0,0,1,0,0,0,1,0,0,4,0,1,9,2,0,0,0,0,0,0,3,0,124,0,1,0,0,0,0,1,0,3,0,0,0,0,1,5,7,9,0,0,0,8,1,0,0,0
13,2015,10,18,0,0,0,0,0,0,0,1,0,0,2,0,2,0,8,10,212,7,0,0,0,8,0,0,0,1,0,0,12,0,34,0,0,0,0,24,0,0,10,0,0,0,4,0,0,7,0,0,29,0,0,0,0,0,0,2,3,0,48,0,0,0,2,0,0,0,0,1,0,0,0,0,0,4,13,5,0,0,0,4,0,0,0,0
14,2012,6,2,0,0,19,0,0,0,0,172,0,0,0,0,0,0,0,0,226,0,0,0,0,0,0,0,1,0,0,0,2,1,2,0,0,7,0,0,0,0,7,0,0,0,8,21,0,0,0,4,0,0,0,0,0,0,0,1,0,0,13,0,0,0,0,2,1,1,0,0,0,0,0,1,0,0,0,2,0,0,0,0,3,0,0,0
14,2012,10,2,0,0,86,0,0,0,0,230,0,0,0,0,0,0,0,0,48,0,0,0,0,0,0,0,0,0,0,0,0,0,0,0,0,13,0,0,0,0,6,0,0,0,5,22,0,0,0,1,0,0,2,0,0,0,0,1,0,0,14,6,1,0,0,0,5,0,0,2,0,0,0,3,0,0,0,66,0,0,0,1,3,0,0,0
14,2012,11,5,0,0,133,0,0,0,0,355,0,0,0,0,0,0,0,0,104,1,0,0,0,2,0,0,0,0,0,0,4,0,0,0,0,9,2,0,0,0,6,0,0,0,29,31,0,0,1,4,0,0,0,0,0,0,0,9,0,0,19,0,0,0,0,0,4,0,3,0,0,0,0,5,0,0,0,268,0,0,0,9,12,0,0,0
14,2013,10,0,0,0,190,0,0,0,0,82,0,0,0,0,0,0,0,0,22,0,0,0,0,0,0,0,0,0,0,0,1,0,0,0,0,62,0,0,0,0,0,0,0,0,5,70,0,0,0,3,0,0,1,0,0,0,0,0,0,0,29,0,1,0,0,0,0,0,1,0,0,0,0,6,1,0,0,3,0,0,0,0,1,0,0,0
14,2014,6,6,0,0,128,0,0,0,0,33,0,0,0,0,0,0,0,0,135,0,0,0,0,0,0,0,0,0,0,0,2,0,13,0,0,8,1,0,0,1,2,0,0,0,3,8,0,0,1,2,2,0,0,0,0,0,0,18,0,0,24,0,6,0,0,0,3,3,0,0,0,0,0,0,0,0,0,1,19,0,0,1,14,0,15,0
14,2014,10,0,0,0,65,0,0,0,0,109,0,0,0,0,0,0,0,0,133,0,0,3,0,0,0,0,0,0,0,0,3,0,0,0,0,16,0,0,0,10,0,0,0,0,4,8,0,0,0,17,0,0,1,0,0,0,0,0,0,0,13,2,1,0,0,0,0,0,0,0,0,0,0,2,0,0,0,112,0,0,0,1,17,0,0,0
14,2015,10,0,0,0,317,0,0,0,0,13,0,0,0,2,0,0,0,0,21,0,0,0,0,0,0,0,0,0,0,0,2,0,0,0,0,83,0,0,0,0,0,0,0,0,6,3,0,0,0,3,0,0,0,0,0,0,0,0,0,0,8,15,1,0,0,0,2,0,0,0,0,0,0,0,1,0,0,21,0,0,0,2,0,0,0,0
15,2002,6,2,0,0,0,0,0,0,0,34,0,0,1,0,0,0,0,0,126,1,0,1,0,0,0,1,0,0,0,0,47,0,14,0,0,1,10,1,0,1,11,1,0,0,29,1,0,0,0,1,0,0,0,1,0,0,0,0,5,1,5,0,1,0,18,0,1,0,3,0,0,0,0,0,2,0,0,0,0,0,0,0,0,0,2,0
15,2002,10,5,0,1,0,0,0,0,0,62,0,0,1,0,0,0,1,0,105,0,0,4,0,0,0,0,0,0,0,0,12,0,0,0,0,1,0,0,0,0,0,0,0,0,36,0,0,6,0,3,0,0,0,0,0,0,0,14,0,1,6,0,0,0,4,0,0,0,6,0,0,0,0,0,0,0,0,31,0,0,0,0,0,0,0,0
15,2003,6,0,0,0,0,0,0,0,0,94,0,0,1,0,0,0,0,0,108,0,0,0,0,0,0,0,0,0,0,0,36,0,16,0,0,0,17,0,0,0,2,0,0,0,159,7,0,1,0,0,0,0,0,0,0,0,0,0,0,0,4,0,0,0,33,0,2,0,3,0,0,0,0,0,6,0,0,7,0,0,0,4,0,0,0,0
15,2003,10,0,0,0,0,0,0,0,0,43,0,0,1,0,0,0,0,0,38,0,0,1,0,0,0,0,0,0,0,0,65,0,0,0,0,2,0,1,0,4,2,0,0,0,44,0,0,0,0,0,0,0,1,0,0,0,0,1,0,11,3,0,0,0,12,0,0,0,23,0,0,0,0,0,0,0,0,9,0,0,0,0,4,0,0,0
15,2004,6,2,0,0,0,0,0,0,0,108,0,0,2,0,0,0,0,1,141,9,0,2,0,0,0,0,0,0,0,0,74,1,33,0,0,0,4,1,0,0,11,0,0,0,56,2,0,16,0,0,2,0,0,0,0,0,0,0,2,0,9,0,0,0,25,0,0,0,4,0,0,0,0,1,1,0,0,1,0,0,1,1,1,0,0,0
15,2004,10,0,0,0,0,0,0,0,0,42,0,0,3,0,0,0,0,0,56,4,0,1,0,0,0,0,0,0,0,0,55,0,0,0,0,5,1,0,0,1,0,0,0,0,73,2,0,1,0,5,1,0,0,0,0,0,0,0,0,2,29,0,0,0,6,0,0,0,5,0,0,0,0,0,1,0,0,37,0,0,0,0,2,0,0,0
15,2005,6,2,0,0,0,0,0,0,0,106,0,0,2,0,0,0,0,0,203,1,0,0,0,0,0,0,0,0,0,0,38,0,3,0,0,1,2,0,0,0,1,0,0,0,13,0,0,5,0,0,0,0,0,0,0,0,0,0,0,0,8,0,0,0,22,0,0,0,1,0,0,0,0,1,3,0,0,68,0,0,0,1,0,0,1,0
15,2005,10,0,0,0,3,0,0,0,0,150,0,0,3,0,0,0,0,0,125,20,0,0,0,0,0,0,0,0,0,0,72,0,0,0,0,2,0,0,0,2,6,0,0,0,26,4,0,1,0,13,1,0,0,0,0,0,0,2,0,0,9,0,0,0,11,1,0,0,6,0,0,0,0,1,0,0,0,38,0,0,0,1,7,0,0,0
15,2006,6,2,0,0,0,0,0,0,0,122,0,0,0,0,0,0,0,0,113,2,0,0,0,0,0,0,0,0,0,0,32,5,5,0,0,0,0,0,0,0,2,0,1,0,15,0,0,1,0,0,0,0,0,0,0,0,0,0,2,0,13,0,0,0,51,0,0,1,1,0,0,0,0,0,5,0,0,115,0,0,0,2,0,0,0,0
15,2006,10,0,0,0,0,0,0,0,0,53,0,0,1,0,0,0,0,0,32,6,0,2,0,0,0,0,0,0,0,0,48,0,0,0,1,3,2,2,0,13,0,0,0,0,31,1,0,3,0,0,2,0,1,0,0,0,0,0,0,3,6,0,0,0,19,0,0,0,4,0,0,0,1,0,1,0,0,62,0,0,0,2,5,0,0,0
15,2007,6,0,0,0,0,0,0,0,0,88,0,0,4,0,0,0,0,0,75,0,0,0,0,0,0,0,0,0,0,0,91,1,11,0,0,0,14,0,0,0,5,0,0,0,123,0,0,2,0,0,0,0,0,0,0,0,0,0,0,1,0,0,0,0,33,0,1,0,0,0,0,0,0,0,3,0,0,42,0,0,0,9,1,0,0,0
15,2007,10,2,0,0,0,0,0,0,0,46,0,0,4,0,0,0,0,1,80,47,0,1,0,0,0,0,0,0,0,0,120,5,0,0,0,3,4,0,0,0,4,0,0,0,107,0,0,2,0,0,5,0,0,0,0,0,0,1,0,2,8,0,0,0,20,0,0,0,1,0,0,0,0,0,0,0,0,18,0,0,0,23,3,0,0,0
15,2008,6,8,0,0,0,0,0,0,0,143,0,0,1,0,0,0,0,0,74,1,0,0,0,0,0,0,0,0,0,0,55,0,8,0,0,2,6,0,0,0,6,0,0,0,72,7,0,10,1,1,0,0,0,0,0,1,0,0,2,0,13,0,1,0,15,0,3,0,4,0,0,0,1,3,4,0,0,47,0,0,1,4,0,0,1,0
15,2008,10,0,0,0,0,0,0,0,0,55,0,0,1,0,0,0,0,0,23,22,0,2,0,0,0,0,0,0,0,0,154,0,0,0,0,1,0,0,0,0,0,0,0,0,177,0,0,0,0,13,1,0,1,0,0,0,0,4,0,0,10,0,0,0,12,0,0,0,0,0,0,0,0,0,0,0,0,18,0,0,0,0,11,0,0,0
15,2009,6,2,0,0,0,0,0,0,0,166,0,0,2,0,0,0,0,0,64,0,0,0,0,0,0,0,0,0,0,0,33,1,13,0,0,1,3,0,0,0,4,0,0,0,104,2,0,2,0,0,1,0,0,0,0,0,0,0,11,0,1,1,0,0,13,0,9,0,1,0,0,0,0,0,4,0,0,71,0,0,0,1,2,0,0,0
15,2009,10,1,0,0,0,0,0,0,0,89,0,0,1,0,0,0,0,0,39,19,0,3,0,0,0,0,0,0,0,0,86,1,0,0,0,0,1,0,0,0,2,0,0,0,164,14,0,7,0,2,9,0,0,0,0,0,0,0,0,0,5,0,1,0,19,0,2,1,5,0,0,0,0,5,1,0,0,22,0,0,1,0,0,0,0,0
15,2010,6,6,0,0,0,0,0,0,0,163,0,0,0,0,0,0,0,1,73,4,0,2,0,0,0,0,0,0,0,0,55,2,109,0,0,5,2,2,0,0,27,0,0,0,4,0,0,2,0,0,0,0,0,0,0,0,0,1,5,0,2,0,0,0,32,0,0,0,1,0,0,0,1,0,1,0,0,34,0,0,0,3,4,0,0,0
15,2010,10,0,0,0,0,0,0,0,0,62,0,0,1,0,0,2,3,0,27,26,0,3,0,0,0,0,0,0,0,0,128,0,0,0,0,8,0,0,0,0,4,0,0,0,35,25,0,8,1,63,10,0,0,0,0,0,0,6,0,0,20,0,0,0,10,0,0,1,1,0,0,0,0,4,1,1,0,47,0,0,0,0,1,0,0,0
15,2011,6,0,0,0,0,0,0,0,0,73,0,0,0,0,0,0,0,1,95,7,0,3,0,0,0,0,0,0,0,1,74,0,99,0,0,0,0,0,0,10,36,0,0,0,7,0,0,2,0,0,1,0,0,0,0,0,0,0,5,2,4,0,1,0,30,1,0,0,4,0,0,0,0,0,3,2,0,21,0,0,0,10,0,0,0,0
15,2011,10,12,0,0,0,0,0,0,0,27,0,0,1,0,0,0,0,0,40,44,0,6,0,0,0,0,0,0,0,0,122,1,0,0,0,57,0,0,0,23,12,0,0,0,43,1,0,18,2,11,20,0,0,0,0,0,0,0,1,2,19,0,4,0,13,0,0,0,8,0,0,0,2,1,2,10,0,15,0,0,0,1,1,0,0,0
15,2012,6,2,0,0,0,0,0,0,0,67,0,0,1,0,0,0,0,0,184,9,0,0,0,0,0,0,0,0,0,0,44,0,27,0,0,0,1,0,0,0,40,0,0,0,8,1,0,7,0,2,0,1,0,1,0,0,0,0,4,1,10,0,1,0,29,0,2,0,3,0,0,0,0,0,2,0,3,15,0,0,0,8,1,0,0,0
15,2012,10,8,0,0,0,0,0,0,0,7,0,0,0,0,0,0,0,2,88,28,0,5,0,0,0,0,0,0,0,0,131,4,2,0,0,8,1,1,0,17,5,0,0,0,7,0,0,11,7,28,14,0,0,0,0,0,0,0,0,0,44,0,0,0,2,0,0,1,7,0,0,0,0,14,0,13,0,0,0,0,0,41,1,0,0,0
15,2013,10,1,0,0,0,0,0,0,0,17,0,0,3,0,0,0,0,0,40,14,0,2,0,0,0,0,0,0,0,0,89,0,2,0,0,3,0,2,0,14,2,0,0,0,13,0,0,4,3,23,7,0,0,0,0,0,0,1,0,0,62,0,0,0,7,0,0,0,9,0,0,0,0,2,1,0,0,19,0,0,0,2,3,0,0,0
15,2014,6,0,0,2,1,0,0,0,0,10,0,0,0,2,0,0,0,1,36,1,0,2,0,0,0,0,0,0,0,1,162,0,1,0,0,1,3,0,0,0,61,0,0,13,18,0,0,4,0,0,0,0,0,0,0,0,0,9,0,2,0,0,0,0,12,0,3,2,0,0,0,0,0,0,1,3,0,3,1,0,0,0,0,0,0,0
15,2014,10,13,0,0,0,0,0,0,0,49,0,0,3,0,0,0,0,0,56,17,0,7,0,0,0,0,0,0,0,0,54,0,0,0,0,29,0,2,0,38,6,0,0,0,17,1,0,6,4,48,6,0,0,0,0,0,0,16,0,1,78,0,2,0,4,0,0,0,4,0,0,0,1,0,0,0,0,8,0,0,0,0,0,0,1,0
15,2015,10,2,0,0,0,0,0,0,0,96,0,0,11,0,0,0,0,0,5,12,0,0,0,0,0,0,0,0,0,0,71,0,10,0,0,0,4,2,0,0,40,0,0,2,21,0,0,45,0,0,21,0,0,0,0,0,0,1,0,13,16,0,4,0,0,0,0,0,0,0,0,0,0,0,3,29,0,39,0,0,0,2,6,0,0,0
16,2005,6,0,0,0,0,0,0,0,0,357,0,0,39,0,0,0,0,0,81,0,0,3,0,0,0,0,0,0,0,0,36,0,6,0,0,0,9,0,0,0,15,0,0,0,222,0,0,0,0,0,0,0,0,0,0,0,0,0,6,0,9,0,0,0,33,3,24,0,6,0,0,0,3,0,0,0,0,618,0,0,0,0,3,0,0,0
16,2005,10,12,0,0,0,0,0,0,0,24,0,0,3,0,0,0,0,12,417,66,0,24,0,0,0,0,0,0,0,0,297,0,0,0,0,57,0,0,0,0,3,0,0,0,54,12,0,0,0,51,0,0,0,0,0,0,0,81,0,3,219,0,18,0,18,0,9,9,33,0,0,0,0,12,0,0,3,27,0,0,0,0,45,0,0,0
16,2006,6,3,0,0,0,0,0,0,0,870,0,0,36,0,0,0,0,0,183,3,0,0,0,0,0,0,0,0,0,0,42,6,48,0,0,0,24,0,0,0,24,0,0,0,102,0,0,6,0,0,0,0,0,0,0,3,0,0,0,0,12,0,0,0,36,0,15,0,0,0,0,0,0,0,0,0,0,168,0,0,0,0,3,0,0,0
16,2006,10,0,0,0,9,0,0,0,0,72,0,0,30,0,0,0,0,0,123,69,0,105,0,0,0,0,0,0,0,0,333,0,0,0,0,12,0,0,0,0,3,0,0,0,300,21,0,0,0,21,3,0,12,0,0,3,0,0,0,3,15,0,0,0,0,15,261,0,42,0,0,0,0,3,0,0,0,30,0,0,0,3,0,0,0,0
16,2007,6,6,0,0,0,0,0,0,0,99,0,0,87,0,0,0,0,6,249,0,0,9,0,0,0,0,0,0,0,0,252,0,0,0,0,18,3,0,0,0,15,0,0,0,294,6,0,0,0,21,0,0,0,0,12,0,0,3,0,3,15,0,3,0,75,0,210,0,39,24,0,0,0,24,0,0,0,15,0,0,0,0,9,0,0,0
16,2007,10,18,0,0,0,0,0,3,0,30,0,0,93,0,0,0,0,9,144,81,0,51,0,0,0,0,0,0,0,0,234,0,0,0,0,39,6,0,0,3,0,0,0,0,153,24,0,0,0,90,3,0,3,3,0,6,0,6,0,18,291,0,0,0,3,0,69,0,75,0,0,0,0,39,0,0,0,3,0,0,0,0,15,0,0,0
16,2008,6,0,0,0,12,0,0,0,0,171,0,0,102,0,0,0,0,3,189,21,0,27,0,0,0,3,0,0,0,0,186,0,3,0,0,15,0,0,0,0,12,0,0,0,84,0,0,12,0,216,3,0,0,0,24,0,0,3,6,0,33,0,3,0,141,0,39,30,30,0,0,0,0,0,0,0,0,105,0,0,0,0,42,0,0,0
16,2008,10,3,0,0,0,0,0,0,0,90,0,0,6,0,0,0,0,0,306,3,0,18,0,0,0,0,0,0,0,0,165,0,0,0,0,24,0,0,0,3,0,0,0,0,186,45,0,0,0,18,0,0,0,0,0,0,0,6,0,0,30,0,0,0,3,0,102,3,15,0,0,0,0,3,0,0,0,459,0,0,0,0,39,0,0,0
16,2009,6,0,0,0,0,0,0,0,0,432,0,0,24,0,0,0,0,3,48,3,0,3,0,0,0,0,0,0,0,0,78,0,3,0,0,6,3,0,3,0,9,0,0,0,156,0,0,3,0,6,0,0,3,0,0,0,0,0,0,0,0,0,0,0,24,3,159,0,9,6,0,0,0,0,0,0,0,579,0,0,0,0,9,0,0,0
16,2009,10,6,0,0,75,0,0,0,0,186,0,0,18,0,0,0,0,6,228,0,0,195,0,0,0,3,3,0,0,0,180,0,0,0,0,27,0,0,0,6,0,0,0,0,111,60,0,0,0,27,0,0,3,0,0,0,0,3,0,24,15,45,0,0,24,0,84,3,15,3,0,0,0,3,0,0,0,81,0,0,0,0,6,0,0,0
16,2010,6,0,0,0,0,0,0,0,0,408,0,0,12,0,0,0,0,0,30,0,0,9,0,0,0,0,0,0,0,0,12,0,9,0,0,3,0,0,0,0,15,0,0,0,9,0,0,3,0,6,6,0,0,0,0,0,0,0,0,0,18,0,3,0,3,0,0,0,18,0,0,0,0,0,0,0,0,903,6,0,0,0,0,0,0,0
16,2010,10,3,0,0,0,0,0,0,0,132,0,0,15,0,0,0,0,3,180,27,0,150,0,0,0,0,0,0,0,0,264,3,0,0,0,51,0,0,0,0,0,0,0,0,57,60,0,0,0,261,6,0,0,0,3,3,0,6,0,6,30,0,0,0,12,0,168,12,87,0,0,0,6,54,0,0,0,3,0,0,0,0,15,0,0,0
16,2011,6,3,0,0,3,0,0,0,0,1014,0,0,12,0,0,0,0,0,108,6,0,0,0,0,0,0,3,0,0,0,15,0,78,0,0,0,0,3,0,3,99,0,0,0,96,0,0,6,0,9,0,0,0,0,0,0,0,0,3,3,33,0,0,0,12,0,0,0,24,0,0,0,0,0,0,0,6,75,0,0,0,0,0,0,0,0
16,2011,10,0,0,0,27,0,0,0,0,24,0,0,12,138,0,0,0,6,153,66,0,6,0,0,0,0,0,0,0,0,291,0,36,0,0,15,3,3,0,15,0,0,0,0,78,3,0,0,15,243,6,0,0,0,0,0,0,0,0,9,78,0,48,0,3,0,123,3,48,0,6,0,0,3,3,0,3,3,0,0,0,0,0,0,0,0
16,2012,6,54,0,0,6,0,0,0,0,90,0,0,0,0,0,0,0,3,186,3,0,12,0,0,0,0,0,0,0,0,0,0,36,0,0,0,9,6,0,3,144,0,0,0,21,0,0,6,66,21,6,0,0,0,3,0,0,0,0,0,78,0,0,0,12,0,0,0,24,0,0,0,0,18,0,0,0,0,0,0,0,0,3,0,0,0
16,2012,11,0,0,0,15,0,0,0,0,81,0,0,33,57,0,0,0,12,687,81,0,60,0,0,0,0,12,0,0,0,237,0,0,0,0,75,0,0,0,3,0,0,0,0,123,15,0,0,60,738,3,0,0,0,0,0,0,15,0,30,453,0,6,0,3,0,51,0,78,0,0,0,0,27,0,0,0,12,0,0,0,0,9,0,0,0
16,2013,10,48,0,0,0,0,0,0,0,132,0,0,3,3,0,0,0,6,99,69,0,9,0,0,0,0,0,0,0,0,327,0,6,0,0,21,3,0,0,0,0,0,0,0,57,27,0,0,6,156,0,0,0,0,3,0,0,15,0,78,150,3,3,0,0,0,96,0,0,3,0,0,0,0,0,0,0,51,0,0,0,66,9,0,0,0
16,2014,6,6,0,0,6,0,0,0,0,30,0,0,9,12,0,0,0,9,189,39,0,18,0,0,0,0,0,0,0,0,228,0,0,0,0,3,0,0,0,0,12,0,0,0,21,39,0,0,0,24,18,0,0,0,12,0,0,0,0,0,87,0,6,0,15,0,9,6,36,0,3,0,3,3,0,0,0,0,0,0,0,0,0,0,0,0
16,2014,10,6,6,12,3,27,0,0,0,6,0,0,0,0,0,0,0,0,84,0,0,108,0,0,6,0,0,0,0,0,420,0,3,0,0,24,0,0,0,0,0,3,0,0,72,24,0,0,0,57,0,6,9,0,3,0,0,12,0,18,177,0,0,54,18,0,15,21,90,0,0,3,3,0,0,93,0,9,0,0,0,0,63,0,12,0
16,2015,10,6,18,0,9,0,0,0,0,27,0,0,0,0,0,0,0,9,138,0,0,0,0,0,0,0,0,0,0,0,69,0,0,0,0,36,0,3,0,0,0,0,0,0,24,21,0,0,6,27,0,0,0,0,0,0,0,6,0,0,108,3,0,0,6,0,0,0,48,0,0,0,0,0,0,0,0,12,0,0,0,0,0,0,0,0
