,Site,WY,Month,Ameletidae,Baetidae,Caenidae,Heptageniidae,Isonychiidae,Leptohyphidae,Leptophlebiidae,Siphlonuridae,Ephemerellidae,Ephemeridae,Capniidae,Chloroperlidae,Leuctridae,Nemouridae,Peltoperlidae,Perlidae,Perlodidae,Pteronarcyidae,Apataniidae,Arctopsychinae,Brachycentridae,Calamoceratidae,Glossosomatidae,Helicopsychidae,Hydropsychidae,Hydroptilidae,Lepidostomatidae,Leptoceridae,Limnephilidae,Odontoceridae,Philopotamidae,Polycentropodidae,Psychomyiidae,Rhyacophilidae,Sericostomatidae,Uenoidae,Acari,Aeshnidae,Amphipoda,Amphizoidae,Athericidae,Belostomatidae,Blephariceridae,Calopterygidae,Ceratopogonidae,Chironomidae,Cladocera,Coenagrionidae,Copepoda,Cordulegastridae,Corduliidae,Corydalidae,Decapoda,Dixidae,Dryopidae,Dytiscidae,Elmidae,Empididae,Ephydridae,Gastropoda,Gomphidae,Haliplidae,Hirudunea,Hydraenidae,Hydrophilidae,Isopoda,Libellulidae,Naucoridae,Nematoda,Nematomorpha,Nemertea,Oligochaeta,Ostracoda,Pelecypoda,Psephenidae,Psychodidae,Ptilodactylidae,Pyralidae,Sialidae,Simuliidae,Stratiomyidae,Tabanidae,Tipulidae,Turbellaria,Unknown,Veliidae,number.total,Percent.ept,sample.size,eph.taxa,ple.taxa,tri.taxa,EPT.richness,total.taxa,eph.rel.ab,ple.rel.ab,tri.rel.ab,Baetidae.eph.rel.ab.,Heptageniidae.eph.rel.ab,Perlidae.ple.rel.ab,Hydropsychidae.tri.rel.ab,Diversity,Season,Location,EPT.Diversity
6,1,2003,10,0,18,0,105,0,2,6,0,37,0,0,6,2,7,1,2,2,0,0,0,3,0,15,0,44,0,2,0,3,0,7,0,0,2,0,0,77,0,0,0,0,0,0,0,0,33,0,0,0,0,0,9,0,0,0,0,52,0,0,0,2,0,0,0,0,0,0,0,0,0,0,71,0,0,0,0,0,0,0,0,0,0,0,1,0,0,509,51.8664,509,5,6,7,18,25,0.330058939,0.039292731,0.149312377,0.107142857,0.625,0.1,0.578947368,2.47070693,Fall,Upper,1.996119998
8,1,2004,10,0,58,0,128,0,0,7,0,18,0,0,3,1,21,0,6,0,0,0,0,18,0,6,0,65,0,2,0,4,0,0,0,0,9,0,0,15,0,0,0,0,0,0,0,0,36,0,0,0,0,0,2,0,0,0,0,17,0,0,3,0,0,0,0,0,0,0,0,2,0,0,30,0,1,0,0,0,0,0,35,0,1,0,6,0,0,494,70.04049,494,4,4,6,14,25,0.427125506,0.062753036,0.210526316,0.274881517,0.606635071,0.193548387,0.625,2.533162547,Fall,Upper,1.912872561
9,1,2005,6,2,88,0,198,0,0,0,0,16,0,0,3,0,22,0,31,0,0,2,5,1,0,5,0,7,0,0,0,0,0,11,0,0,13,0,0,5,0,0,0,0,0,0,0,0,64,0,0,0,0,0,4,0,0,0,0,32,0,0,0,0,0,0,0,0,0,0,0,1,0,0,3,0,0,1,0,0,0,0,2,0,0,2,0,0,0,518,77.99228,518,4,3,7,14,23,0.586872587,0.108108108,0.084942085,0.289473684,0.651315789,0.553571429,0.159090909,2.113061953,Spring,Upper,1.656350932
10,1,2005,10,4,17,0,106,0,0,35,0,7,0,2,11,3,13,0,3,0,0,0,0,1,1,47,0,24,0,53,0,0,0,8,0,0,2,12,0,5,0,0,0,0,0,0,0,0,20,0,0,0,0,0,0,0,0,0,0,40,0,0,0,1,0,0,0,0,0,0,0,0,0,0,47,0,0,0,0,0,0,2,5,0,0,0,0,0,0,469,74.41365,469,5,5,8,18,25,0.360341151,0.068230277,0.315565032,0.100591716,0.627218935,0.09375,0.162162162,2.598591743,Fall,Upper,2.218142219
12,1,2006,10,15,28,0,53,0,1,39,0,34,0,4,8,3,0,0,10,2,0,0,0,2,5,12,0,33,2,103,0,1,0,0,1,0,2,19,0,2,0,0,0,0,0,0,0,0,47,0,0,0,1,0,4,0,0,0,0,42,1,0,1,1,0,0,0,0,0,0,0,1,0,1,15,0,0,0,0,0,0,2,1,0,0,0,1,0,0,497,75.85513,497,6,5,10,21,35,0.342052314,0.054325956,0.362173038,0.164705882,0.311764706,0.37037037,0.183333333,2.737408674,Fall,Upper,2.357330246
13,1,2007,6,10,45,0,199,0,0,7,0,37,0,0,0,0,4,0,28,0,0,0,2,5,0,22,0,7,0,1,0,12,0,1,0,0,1,1,0,8,0,0,0,0,0,0,0,0,64,0,0,0,0,0,2,0,0,0,0,23,2,0,0,0,0,0,0,0,0,0,0,0,0,0,6,0,0,0,0,0,0,0,0,0,0,2,4,0,0,493,77.48479,493,5,2,9,16,24,0.604462475,0.064908722,0.105476673,0.151006711,0.667785235,0.875,0.134615385,2.182609733,Spring,Upper,1.71860849
14,1,2007,10,0,77,0,169,0,0,21,0,34,0,3,10,0,7,0,9,5,0,0,9,6,0,5,0,24,0,0,0,0,0,0,0,0,8,0,0,11,0,0,0,0,0,0,0,0,52,0,0,0,0,0,0,0,0,0,0,17,1,0,0,0,0,0,0,0,0,1,0,0,0,0,4,0,0,0,0,0,0,0,31,0,0,1,0,0,0,505,76.63366,505,4,5,5,14,22,0.596039604,0.067326733,0.102970297,0.255813953,0.561461794,0.264705882,0.461538462,2.329256532,Fall,Upper,1.864099135
15,1,2008,6,0,37,0,170,0,0,3,0,9,0,0,4,0,13,0,53,0,1,0,6,1,0,2,0,5,0,0,0,3,0,1,0,0,6,0,5,11,0,0,0,0,0,0,0,0,65,0,0,0,0,0,7,0,0,0,0,40,1,0,0,0,0,0,0,0,0,0,0,0,0,1,6,0,0,0,0,0,0,0,50,0,0,0,1,0,0,496,64.31452,501,4,4,8,16,25,0.441532258,0.143145161,0.058467742,0.168949772,0.776255708,0.746478873,0.172413793,2.269941905,Spring,Upper,1.623018157
16,1,2008,10,0,24,0,122,0,0,8,0,17,0,0,2,1,6,1,4,5,0,0,8,7,1,66,0,17,0,2,0,0,0,12,0,0,5,0,0,3,0,0,0,0,0,0,0,0,10,0,0,0,0,0,2,0,0,0,0,28,5,0,0,0,0,0,0,0,0,0,0,1,0,0,27,0,0,1,0,0,0,0,18,0,0,0,0,2,0,405,76.04938,405,4,6,8,18,28,0.422222222,0.04691358,0.291358025,0.140350877,0.713450292,0.210526316,0.144067797,2.523343581,Fall,Upper,2.005799966
17,1,2009,6,4,80,0,146,0,0,2,0,32,0,0,2,0,33,1,18,0,0,0,2,0,0,1,0,7,0,2,0,10,0,12,0,0,3,0,0,33,0,0,0,0,0,0,0,0,48,0,0,0,0,0,1,0,0,0,0,42,2,0,1,0,0,0,0,0,0,0,0,1,0,1,9,0,0,3,0,0,0,0,2,0,0,2,2,1,0,503,70.57654,503,5,4,7,16,30,0.524850895,0.107355865,0.073558648,0.303030303,0.553030303,0.333333333,0.189189189,2.414009558,Spring,Upper,1.82328404
18,1,2009,10,0,65,0,141,0,0,10,0,9,0,0,4,0,26,0,11,2,1,1,29,6,0,9,0,48,0,17,0,0,0,15,0,0,5,0,0,4,0,0,0,0,0,0,0,0,11,0,0,0,0,0,6,0,0,0,0,30,0,0,0,0,0,0,0,0,0,0,0,0,0,0,8,0,1,1,0,0,0,0,38,0,0,0,3,0,0,501,79.64072,501,4,5,8,17,26,0.449101796,0.087824351,0.259481038,0.288888889,0.626666667,0.25,0.369230769,2.555614336,Fall,Upper,2.127414063
19,1,2010,6,23,39,0,168,0,0,12,0,41,0,1,2,0,12,0,15,0,1,0,0,1,0,1,0,12,0,15,0,4,0,10,0,0,2,1,0,7,0,0,0,0,0,0,0,0,77,0,0,0,0,0,11,0,0,0,0,13,2,0,0,0,0,0,0,0,0,0,0,1,0,1,24,0,3,0,1,0,0,0,1,0,0,0,4,1,0,506,71.14625,506,5,5,8,18,31,0.559288538,0.061264822,0.090909091,0.137809187,0.593639576,0.483870968,0.260869565,2.441990512,Spring,Upper,1.91355004
20,1,2010,10,2,74,0,143,0,0,7,0,18,0,0,1,0,11,0,7,1,0,2,26,6,0,18,0,34,1,9,0,0,0,6,0,0,6,0,1,3,0,0,0,0,0,0,0,0,13,0,0,0,0,0,6,0,0,0,0,44,1,0,0,0,0,0,0,0,0,0,0,0,0,2,0,0,0,0,0,0,0,0,56,0,0,0,0,4,0,501,74.4511,502,5,4,10,19,27,0.487025948,0.03992016,0.21756487,0.303278689,0.586065574,0.35,0.311926606,2.469466476,Fall,Upper,2.046868981
21,1,2011,6,16,64,0,169,0,0,2,0,45,0,0,5,0,1,1,21,0,0,0,1,4,0,5,0,5,1,2,0,4,0,0,0,0,5,0,0,3,0,0,0,0,0,0,0,1,56,0,0,0,0,0,31,0,0,0,0,38,0,0,0,0,0,0,0,0,0,0,0,3,0,0,7,0,2,2,0,0,0,1,12,0,0,0,0,0,0,507,69.23077,507,5,4,8,17,28,0.58382643,0.055226824,0.053254438,0.216216216,0.570945946,0.75,0.185185185,2.338416585,Spring,Upper,1.704748318
22,1,2011,10,9,8,0,132,0,0,30,0,20,0,0,9,3,7,0,5,5,0,0,11,24,0,13,0,23,0,70,0,8,0,24,0,0,2,3,0,3,0,0,0,0,0,0,0,0,14,0,0,0,0,0,16,0,0,0,0,29,0,0,0,2,0,0,0,0,0,0,0,1,0,1,18,0,2,0,2,0,0,0,7,0,0,0,4,4,0,509,79.76424,509,5,5,9,19,32,0.390962672,0.05697446,0.349705305,0.040201005,0.663316583,0.172413793,0.129213483,2.789554754,Fall,Upper,2.314791452
23,1,2012,6,6,16,0,139,0,0,11,0,17,0,0,5,2,6,0,11,0,0,0,0,1,0,3,0,7,5,5,0,4,0,0,0,0,7,0,0,18,0,0,0,0,0,0,0,0,104,0,0,0,0,0,3,0,0,0,0,46,2,0,0,0,0,0,0,0,0,0,0,4,0,0,42,0,0,1,0,0,2,0,0,0,0,0,5,1,0,473,51.79704,473,5,4,7,16,27,0.399577167,0.050739958,0.067653277,0.084656085,0.735449735,0.458333333,0.21875,2.368746033,Spring,Upper,1.769485344
25,1,2013,10,4,34,0,87,0,0,17,0,30,0,0,34,3,6,0,20,21,0,0,14,6,27,0,0,20,0,16,0,1,0,11,0,0,13,3,0,4,0,0,0,0,0,0,0,0,16,0,0,0,0,0,4,0,0,0,0,60,1,0,0,0,0,0,0,0,0,0,0,1,0,2,12,0,0,0,0,0,0,1,16,0,0,2,3,0,0,489,75.05112,489,5,5,9,19,31,0.351738241,0.171779141,0.226993865,0.197674419,0.505813953,0.238095238,0.18018018,2.924473579,Fall,Upper,2.564908702
26,1,2014,6,0,60,0,95,0,1,0,0,10,0,0,4,0,11,0,8,0,0,0,0,1,0,12,0,2,0,3,0,3,0,2,0,0,4,5,0,7,0,0,0,0,0,0,0,0,159,0,0,0,0,0,1,0,0,0,0,43,2,0,1,0,0,0,0,0,0,0,0,0,0,0,7,0,3,0,0,0,0,1,2,0,0,1,0,5,1,453,48.78587,454,4,3,8,15,28,0.366445916,0.050772627,0.070640177,0.361445783,0.572289157,0.347826087,0.0625,2.147371987,Spring,Upper,1.766317016
27,1,2014,10,0,125,0,107,0,0,0,0,12,0,0,1,0,4,2,5,13,0,0,6,2,0,32,0,20,0,0,0,0,0,3,0,0,3,0,0,13,0,0,0,0,0,0,0,0,10,0,0,0,0,0,0,0,0,0,0,54,0,0,0,0,0,0,0,0,0,0,0,0,0,0,2,0,0,1,7,0,0,0,87,0,0,0,0,0,0,509,65.81532,509,3,5,6,14,21,0.479371316,0.049115914,0.129666012,0.512295082,0.43852459,0.2,0.303030303,2.230042702,Fall,Upper,1.720934996
28,1,2015,10,5,19,0,139,0,6,2,0,34,0,1,11,0,2,0,11,12,0,0,0,10,0,6,0,28,0,1,0,0,0,6,0,0,0,3,0,38,0,0,0,0,0,0,0,0,7,0,0,0,1,0,7,0,0,0,0,62,2,0,9,2,0,0,0,0,0,0,0,0,0,5,12,0,0,2,0,0,0,3,0,0,0,0,1,1,0,448,66.07143,448,6,5,6,17,31,0.457589286,0.082589286,0.120535714,0.092682927,0.67804878,0.297297297,0.518518519,2.568484027,Fall,Upper,1.950494881
33,2,2003,6,0,40,0,88,0,0,0,0,6,0,0,0,0,28,0,6,0,1,3,0,0,0,11,0,2,0,0,0,0,0,0,0,0,8,1,0,4,0,0,0,0,0,0,0,0,255,0,0,0,0,0,0,0,0,0,0,0,1,0,2,1,0,0,0,0,0,0,0,0,0,0,11,0,1,0,0,0,0,0,26,0,0,1,4,0,0,500,38.8,500,3,3,5,11,21,0.268,0.07,0.05,0.298507463,0.656716418,0.171428571,0.08,1.750361125,Spring,Blw SF,1.638692338
34,2,2003,10,5,38,0,142,0,0,1,0,4,0,0,0,0,33,0,9,3,1,0,0,5,0,5,0,54,3,1,0,1,0,0,0,0,4,0,0,1,0,0,0,0,0,0,0,0,109,0,0,0,0,0,0,0,0,0,0,16,3,0,2,0,0,0,0,0,0,0,0,0,0,0,4,0,0,0,0,0,0,0,41,0,0,1,11,0,0,497,62.17304,497,5,4,7,16,25,0.382293763,0.092555332,0.146881288,0.2,0.747368421,0.195652174,0.739726027,2.24551368,Fall,Blw SF,1.738699779
35,2,2004,6,0,21,0,172,0,0,1,0,24,0,0,0,0,12,0,7,4,0,0,0,1,0,88,0,11,0,0,0,15,0,0,0,0,8,0,0,1,0,0,0,0,0,0,0,0,63,0,0,0,0,0,0,0,0,0,0,24,0,0,3,3,0,0,0,0,0,0,0,0,0,0,15,0,5,0,0,0,0,1,35,0,0,2,2,0,0,518,70.27027,518,4,3,5,12,23,0.420849421,0.044401544,0.237451737,0.096330275,0.788990826,0.304347826,0.089430894,2.268175649,Spring,Blw SF,1.632863993
36,2,2004,10,0,18,0,130,0,0,16,0,19,0,0,4,1,28,0,13,2,0,2,0,8,0,7,0,41,2,3,0,0,0,8,0,0,1,0,0,15,0,0,0,0,0,0,0,0,24,0,0,0,0,0,2,0,0,0,0,25,1,0,1,0,0,0,0,0,0,0,0,2,0,0,18,0,0,0,0,0,0,0,9,0,0,0,2,0,0,402,75.37313,402,4,5,8,17,27,0.455223881,0.119402985,0.179104478,0.098360656,0.710382514,0.270833333,0.569444444,2.542895581,Fall,Blw SF,2.004469485
37,2,2005,6,0,81,0,88,0,0,5,0,6,0,0,10,0,25,0,21,8,0,0,0,8,2,39,0,31,2,2,0,18,0,0,1,0,7,0,0,11,0,0,0,0,0,0,0,0,62,0,0,0,0,0,1,0,0,0,0,18,0,0,2,2,0,0,0,0,0,0,0,0,0,2,14,0,7,0,0,0,0,0,41,0,0,1,6,1,0,522,67.81609,522,4,4,9,17,30,0.344827586,0.122605364,0.210727969,0.45,0.488888889,0.328125,0.281818182,2.749925333,Spring,Blw SF,2.229192384
38,2,2005,10,0,75,0,141,0,0,1,0,9,0,0,7,0,5,0,15,6,0,0,0,31,0,25,0,48,0,0,0,12,0,0,0,0,5,0,0,2,0,0,0,0,0,0,0,0,29,0,0,0,0,0,0,0,0,0,0,24,0,0,3,5,0,0,0,0,0,0,0,0,0,0,3,0,1,0,0,0,0,0,47,0,0,3,13,0,0,510,74.5098,510,4,4,5,13,23,0.443137255,0.064705882,0.237254902,0.331858407,0.623893805,0.454545455,0.396694215,2.463678529,Fall,Blw SF,1.926984775
39,2,2006,6,0,38,0,80,0,0,2,0,10,0,0,5,0,10,0,34,0,0,0,0,0,0,15,0,1,5,0,0,13,0,1,0,0,13,0,0,9,0,0,0,0,0,0,0,0,182,0,0,0,0,0,1,0,0,0,0,8,1,0,0,0,0,0,0,0,0,0,0,2,0,0,26,0,0,0,0,0,0,0,35,0,0,0,6,0,0,497,45.67404,497,4,3,6,13,22,0.261569416,0.098591549,0.096579477,0.292307692,0.615384615,0.693877551,0.020833333,2.234568035,Spring,Blw SF,1.990903875
40,2,2006,10,0,89,0,95,0,0,12,0,11,0,0,8,0,9,0,28,15,0,0,0,28,0,4,0,36,4,1,0,7,0,0,0,0,2,1,0,2,0,0,0,0,0,0,0,0,55,0,0,0,0,0,0,0,0,0,0,19,2,0,2,0,0,0,0,0,0,0,0,0,0,0,14,0,0,0,0,0,0,0,46,0,0,1,0,0,0,491,71.2831,491,4,4,8,16,24,0.421588595,0.122199593,0.16904277,0.429951691,0.458937198,0.466666667,0.43373494,2.548384167,Fall,Blw SF,2.123527067
41,2,2007,6,0,45,0,88,0,0,6,0,11,0,0,4,2,21,0,28,0,0,0,0,2,0,8,0,19,0,19,0,14,0,0,0,0,10,0,0,23,0,0,0,0,0,0,0,0,171,0,0,0,0,0,2,0,0,0,0,16,0,0,1,1,0,0,0,0,0,0,0,0,0,0,5,0,16,0,0,0,0,0,23,0,0,0,0,12,0,547,50.63985,547,4,4,6,14,24,0.274223035,0.100548446,0.131627057,0.3,0.586666667,0.509090909,0.263888889,2.468514657,Spring,Blw SF,2.171006
42,2,2007,10,5,77,0,54,0,0,9,0,23,0,0,18,0,30,1,11,4,4,0,0,37,0,0,0,85,7,6,0,0,0,0,0,0,1,1,0,3,0,0,0,0,0,0,0,0,83,0,0,0,0,0,0,0,0,0,0,14,1,0,1,0,0,0,0,0,0,0,0,1,0,0,4,0,0,0,0,0,0,0,47,0,0,1,2,0,0,530,70.37736,530,5,6,6,17,27,0.316981132,0.128301887,0.258490566,0.458333333,0.321428571,0.161764706,0.620437956,2.570563934,Fall,Blw SF,2.230029366
43,2,2008,6,0,73,0,91,0,0,6,0,3,0,0,0,0,22,0,18,0,0,0,0,1,0,3,0,3,0,2,0,3,0,0,1,0,12,0,0,1,0,0,0,0,0,0,0,1,64,0,0,0,0,0,0,0,0,0,0,13,0,0,3,3,0,0,0,0,0,0,0,0,3,0,13,0,2,0,0,0,1,1,152,0,0,0,4,0,0,499,47.69539,499,4,2,7,13,26,0.346693387,0.080160321,0.0501002,0.421965318,0.526011561,0.45,0.12,2.198718912,Spring,Blw SF,1.695546059
44,2,2008,10,0,84,0,86,0,0,13,0,18,0,0,11,0,15,0,19,5,1,0,0,92,0,7,0,34,5,14,0,4,0,0,0,0,5,0,0,3,0,0,0,0,0,0,0,0,62,0,0,0,0,0,1,0,0,0,0,22,1,0,2,1,0,0,0,0,0,0,0,0,0,0,13,0,1,0,0,0,0,0,17,0,0,1,5,0,0,542,76.19926,542,4,5,7,16,28,0.370848708,0.094095941,0.29704797,0.417910448,0.427860697,0.37254902,0.211180124,2.627054674,Fall,Blw SF,2.198432629
45,2,2009,6,0,179,0,100,0,0,11,0,2,0,1,2,0,4,0,14,0,1,0,0,0,0,16,0,4,0,0,0,23,0,0,0,0,4,0,0,6,0,0,0,0,0,0,0,0,82,0,1,0,0,0,0,0,0,0,0,5,1,1,1,0,0,0,0,0,0,0,0,0,0,0,20,0,1,0,0,0,0,0,1,0,0,0,6,0,0,486,74.27984,486,4,5,4,13,24,0.600823045,0.04526749,0.096707819,0.613013699,0.342465753,0.636363636,0.085106383,2.008959281,Spring,Blw SF,1.489241847
46,2,2009,10,0,108,0,117,0,0,5,0,35,0,0,17,0,9,0,5,5,0,0,0,35,1,4,0,8,0,9,0,6,0,0,0,0,4,0,0,2,0,0,0,0,0,0,0,0,35,0,0,0,0,0,1,0,0,0,0,11,0,0,3,0,0,0,0,0,0,0,0,0,0,0,60,1,4,0,0,0,0,0,8,0,0,0,9,0,0,502,73.30677,502,4,4,7,15,25,0.527888446,0.071713147,0.133466135,0.40754717,0.441509434,0.138888889,0.119402985,2.442249007,Fall,Blw SF,1.935116718
47,2,2010,6,0,70,0,165,0,0,20,0,17,0,0,2,0,26,0,4,0,1,0,0,2,0,2,0,0,0,4,0,8,0,0,0,0,5,1,0,5,0,0,0,0,0,0,0,0,52,0,1,0,1,0,2,0,0,0,0,3,0,0,16,2,0,0,0,0,0,0,0,2,0,0,53,0,17,0,0,0,0,10,1,0,0,2,6,3,0,503,65.00994,503,4,4,6,14,30,0.540755467,0.065606362,0.043737575,0.257352941,0.606617647,0.121212121,0,2.392439565,Spring,Blw SF,1.592414567
48,2,2010,10,0,82,0,216,0,0,12,0,10,0,0,0,0,32,0,6,4,0,0,2,27,0,7,0,15,0,9,0,6,0,0,0,0,1,0,0,1,0,0,0,0,0,0,0,0,15,0,0,0,0,0,0,0,0,0,0,6,1,0,3,0,0,0,0,0,0,0,0,0,0,0,2,0,1,0,0,0,0,0,38,0,0,0,6,3,0,505,84.9505,505,4,3,7,14,24,0.633663366,0.083168317,0.132673267,0.25625,0.675,0.142857143,0.223880597,2.112157039,Fall,Blw SF,1.684774588
49,2,2011,6,4,35,0,61,0,0,13,0,54,0,11,7,0,37,0,9,0,22,0,0,33,3,0,0,19,2,28,0,5,0,0,0,0,1,1,0,9,0,0,0,0,0,0,0,1,105,0,0,0,0,0,0,0,0,0,0,7,1,0,0,1,0,0,0,0,0,0,0,0,0,0,14,2,3,0,0,0,0,4,0,0,0,1,3,2,0,498,69.27711,498,5,5,8,18,31,0.335341365,0.172690763,0.184738956,0.209580838,0.365269461,0.104651163,0.206521739,2.731275632,Spring,Blw SF,2.457354795
50,2,2011,10,2,63,0,114,0,0,16,0,52,0,0,5,1,34,0,3,13,0,3,0,16,0,0,0,24,0,25,0,1,0,0,0,0,7,0,0,4,0,0,0,0,0,0,0,0,45,0,0,0,0,0,1,0,0,0,0,4,1,0,6,0,0,0,0,0,0,0,0,0,0,0,10,0,2,0,0,0,0,10,7,0,0,0,2,1,0,472,80.29661,472,5,5,6,16,28,0.523305085,0.118644068,0.161016949,0.255060729,0.461538462,0.053571429,0.315789474,2.595472444,Fall,Blw SF,2.151879374
52,2,2012,10,8,70,0,122,0,0,26,0,108,0,22,14,0,74,0,18,44,0,0,0,66,6,0,0,38,4,56,0,10,0,0,0,0,2,2,0,18,0,0,0,0,0,0,0,2,210,0,0,0,0,0,0,0,0,0,0,14,2,0,0,2,0,0,0,0,0,0,0,0,0,0,28,4,6,0,0,0,0,8,0,0,0,2,6,4,0,996,69.27711,996,5,5,8,18,31,0.335341365,0.172690763,0.184738956,0.209580838,0.365269461,0.104651163,0.206521739,2.723691888,Fall,Blw SF,2.457354795
53,2,2013,10,10,40,0,33,0,0,14,0,56,0,0,20,1,18,0,9,23,0,4,0,49,0,1,0,29,4,30,0,0,0,0,0,0,4,0,0,5,0,0,0,0,0,0,0,1,96,0,0,0,1,0,1,0,0,0,0,8,2,0,0,0,0,0,0,0,0,0,0,0,0,0,16,0,2,0,0,0,0,10,6,0,0,1,5,0,0,499,69.13828,499,5,5,7,17,30,0.306613226,0.142284569,0.24248497,0.261437908,0.215686275,0.126760563,0.239669421,2.802644115,Fall,Blw SF,2.483581435
54,2,2014,6,0,20,0,10,0,0,26,0,3,0,0,0,0,15,0,2,0,0,0,0,0,0,0,0,1,0,2,2,12,0,0,0,0,1,2,0,0,0,0,0,0,0,0,0,2,356,0,0,0,4,0,0,0,0,0,0,7,0,0,5,2,0,0,0,0,0,0,0,0,0,0,21,0,14,0,0,0,0,8,2,0,0,1,0,3,0,521,18.4261,521,4,2,6,12,24,0.113243762,0.032629559,0.038387716,0.338983051,0.169491525,0.117647059,0.05,1.490569993,Spring,Blw SF,1.992143467
55,2,2014,10,1,76,0,35,0,1,15,0,23,0,0,8,0,6,0,5,5,0,1,0,6,1,2,0,6,0,7,0,7,0,1,0,0,1,1,0,1,0,0,0,0,0,0,0,0,111,0,0,0,0,0,0,0,0,0,0,8,0,0,3,1,0,0,0,0,0,0,0,0,0,0,9,0,9,0,0,0,0,12,49,0,0,1,2,2,0,416,50,416,6,4,10,20,32,0.362980769,0.057692308,0.079326923,0.503311258,0.231788079,0.208333333,0.181818182,2.529578494,Fall,Blw SF,2.164842626
61,4,2003,6,0,94,0,5,0,0,0,0,3,0,0,0,0,0,0,0,1,0,0,0,0,0,4,0,7,0,0,0,0,0,0,0,0,5,0,0,9,0,0,0,0,0,0,0,0,32,0,0,0,0,0,2,0,0,0,0,3,0,0,1,1,0,0,0,0,0,0,0,0,0,0,14,0,2,0,0,0,0,0,312,0,0,5,0,0,0,500,23.8,500,3,1,3,7,17,0.204,0.002,0.032,0.921568627,0.049019608,0,0.4375,1.351138108,Spring,M,0.8662959804
62,4,2003,10,0,173,0,46,0,3,0,0,27,0,0,3,0,0,0,0,1,0,0,0,0,0,22,0,144,0,0,0,0,0,0,0,0,8,0,0,5,0,0,0,0,0,0,0,0,21,0,0,0,0,0,0,0,0,0,0,33,0,0,1,0,0,1,0,0,0,0,0,0,0,0,2,0,0,1,0,0,0,0,9,0,0,3,0,0,0,503,84.89066,503,4,2,3,9,18,0.495029821,0.007952286,0.345924453,0.694779116,0.184738956,0,0.827586207,1.913474024,Fall,M,1.458405089
63,4,2004,6,0,113,0,8,0,0,1,0,11,0,0,0,0,0,0,0,0,0,0,0,0,0,2,0,9,0,0,0,0,0,0,0,0,5,2,0,6,0,0,0,0,0,0,0,0,69,0,0,0,0,0,0,0,0,0,0,19,0,0,11,0,0,0,0,0,0,0,0,0,0,0,33,0,0,0,0,0,0,0,195,0,0,1,0,0,0,485,31.13402,485,4,0,4,8,15,0.274226804,0,0.037113402,0.84962406,0.060150376,0,0.5,1.796345649,Spring,M,0.9921010068
64,4,2004,10,0,105,0,32,0,3,0,0,39,0,0,0,0,0,0,0,6,0,0,0,3,0,0,0,174,0,0,0,0,0,0,0,0,1,0,0,0,0,0,0,0,0,0,0,0,11,0,0,0,0,0,1,0,0,0,0,28,5,0,10,1,0,0,0,0,0,0,0,0,0,0,0,44,7,1,0,0,0,1,25,0,0,3,0,0,0,500,72.6,500,4,1,3,8,20,0.358,0.012,0.356,0.586592179,0.17877095,0,0.97752809,2.088606467,Fall,M,1.328380403
65,4,2005,6,0,202,0,6,0,0,0,0,11,0,0,1,0,0,0,7,0,1,0,0,2,0,7,0,4,1,1,0,1,0,0,0,0,5,0,0,2,0,0,0,0,0,0,0,0,71,0,0,0,0,0,1,0,2,0,1,21,4,0,0,0,0,0,0,0,0,0,0,3,0,1,26,0,1,0,0,0,0,0,126,0,0,2,0,0,0,510,48.82353,510,3,3,7,13,26,0.429411765,0.017647059,0.041176471,0.922374429,0.02739726,0.777777778,0.19047619,1.888426354,Spring,M,0.8924774621
66,4,2005,10,0,222,0,11,0,4,0,0,31,0,0,0,0,0,0,0,2,0,0,0,5,0,2,0,117,0,9,0,0,0,0,0,0,2,0,0,2,0,2,0,0,0,0,0,0,6,0,0,0,0,0,0,0,0,0,0,33,0,0,8,0,0,0,0,0,0,0,0,0,0,8,6,0,0,0,0,0,0,0,17,0,0,9,0,0,0,496,81.65323,496,4,1,5,10,19,0.540322581,0.004032258,0.272177419,0.828358209,0.041044776,0,0.866666667,1.853594879,Fall,M,1.246046445
67,4,2006,6,0,40,0,16,0,0,0,0,11,0,0,0,0,5,0,2,0,0,0,0,0,0,0,0,13,0,2,0,0,0,0,0,0,12,0,0,3,0,0,0,0,0,0,0,0,80,0,0,0,0,0,0,0,0,0,0,10,1,0,0,0,0,0,1,0,0,0,0,0,0,0,117,0,0,0,0,0,0,0,219,0,0,1,0,0,0,533,18.94934,533,3,2,3,8,16,0.125703565,0.013133208,0.05065666,0.597014925,0.23880597,0.285714286,0.481481481,1.779755893,Spring,M,1.721294324
68,4,2006,10,0,70,0,95,0,0,0,0,122,0,0,4,0,0,0,1,10,0,0,0,3,0,1,0,111,0,8,0,0,0,0,0,0,2,0,0,2,0,0,0,0,0,0,0,0,6,0,0,0,0,0,0,0,0,0,0,27,0,0,0,0,0,0,0,0,0,0,0,0,0,5,4,0,0,0,0,0,0,0,23,0,0,1,0,0,0,495,86.26263,495,3,3,5,11,18,0.57979798,0.03030303,0.252525253,0.243902439,0.331010453,0.066666667,0.888,2.029657143,Fall,M,1.63348171
69,4,2007,6,0,157,0,16,0,0,0,0,7,0,0,1,0,2,0,3,0,1,0,0,1,0,4,0,6,0,13,0,0,0,0,0,0,9,0,0,4,0,0,0,0,0,0,0,1,94,0,0,0,0,0,0,0,0,0,0,15,0,0,4,0,0,0,0,0,0,0,0,3,0,0,31,0,1,0,0,0,0,0,113,0,0,9,0,0,0,495,44.44444,495,3,4,5,12,22,0.363636364,0.014141414,0.066666667,0.872222222,0.088888889,0.428571429,0.181818182,2.044189434,Spring,M,1.184942954
70,4,2007,10,1,150,0,58,0,0,1,0,141,0,0,9,0,1,0,2,4,0,0,0,6,0,0,0,62,0,18,0,0,0,0,0,0,0,1,0,1,0,1,0,0,0,0,0,0,7,0,0,0,0,0,0,0,0,0,0,15,1,0,0,2,0,0,0,0,0,0,0,0,0,1,1,0,0,0,0,0,0,0,6,0,0,0,0,0,0,489,92.84254,489,5,4,4,13,22,0.717791411,0.032719836,0.17791411,0.427350427,0.165242165,0.125,0.712643678,1.92281754,Fall,M,1.646198065
71,4,2008,6,0,219,0,15,0,0,0,0,21,0,1,0,0,1,0,1,1,0,0,0,1,0,5,0,3,0,0,0,0,0,1,0,0,17,1,0,5,0,1,0,0,0,0,0,1,13,0,0,0,0,0,0,0,1,0,0,45,0,0,28,1,0,0,0,0,0,0,0,2,0,2,55,0,0,0,0,0,0,0,49,0,0,2,0,11,0,503,57.05765,503,3,4,6,13,27,0.50695825,0.007952286,0.055666004,0.858823529,0.058823529,0.25,0.107142857,2.07985439,Spring,M,0.9756143192
72,4,2008,10,0,65,0,58,0,0,0,0,58,0,0,11,0,2,0,0,11,0,1,0,17,0,10,0,100,1,43,0,0,0,0,0,0,3,0,0,1,0,0,0,0,0,0,0,0,12,0,0,0,0,0,0,0,0,0,0,47,0,0,1,1,0,0,0,0,0,0,0,0,0,4,9,0,0,0,0,0,0,0,24,0,0,2,2,0,0,483,78.67495,483,3,3,7,13,23,0.374741201,0.049689441,0.362318841,0.359116022,0.320441989,0,0.571428571,2.455344021,Fall,M,2.010641015
73,4,2009,6,0,188,0,7,0,0,0,0,0,0,0,0,0,0,0,6,0,0,0,0,2,0,0,0,3,0,0,0,0,0,0,0,0,9,0,0,1,0,0,0,0,0,0,0,0,27,0,0,0,0,0,0,0,0,0,0,16,0,0,0,0,0,0,0,0,0,0,0,2,0,0,19,0,6,0,0,0,0,0,190,0,0,19,5,0,0,500,43,500,2,1,3,6,15,0.39,0.012,0.028,0.964102564,0.035897436,1,0.214285714,1.639866794,Spring,M,0.5646837523
74,4,2009,10,0,64,0,76,0,0,0,0,69,0,0,9,0,1,0,0,7,0,0,0,12,0,0,0,120,0,29,0,0,0,0,0,0,4,0,0,1,0,2,0,0,0,0,0,0,11,0,0,0,0,0,0,0,1,0,0,28,0,0,5,0,0,0,0,0,0,0,0,0,0,0,8,0,1,0,0,0,0,0,0,48,0,1,3,1,0,501,78.04391,501,3,3,4,10,22,0.417165669,0.033932136,0.329341317,0.306220096,0.363636364,0,0.727272727,2.316653137,Fall,M,1.804081888
75,4,2010,6,0,241,0,35,0,0,0,0,2,0,0,0,0,1,0,0,1,0,0,0,0,0,1,0,0,0,0,0,0,0,0,0,0,0,0,0,18,0,0,0,0,0,0,0,0,64,0,0,0,0,0,0,0,0,0,0,5,0,0,2,1,0,0,0,0,0,0,0,2,0,0,46,0,1,1,2,0,0,0,36,0,1,8,3,0,0,471,59.6603,471,3,2,1,6,20,0.590233546,0.004246285,0.002123142,0.866906475,0.125899281,0,0,1.707309935,Spring,M,0.4865413687
76,4,2010,10,0,52,0,58,0,0,3,0,80,0,0,4,0,6,0,0,4,0,0,0,7,0,0,0,130,0,48,0,0,0,0,0,0,0,0,0,2,0,1,0,0,0,0,0,0,10,0,0,0,0,0,0,0,0,0,0,15,4,0,22,0,0,0,0,0,0,0,0,0,0,0,18,0,3,0,1,0,0,0,37,0,0,4,14,1,0,524,74.80916,524,4,3,3,10,23,0.368320611,0.026717557,0.353053435,0.269430052,0.300518135,0,0.702702703,2.426846486,Fall,M,1.76491555
77,4,2011,6,0,127,0,58,0,0,0,0,44,0,0,0,0,0,0,0,0,0,0,0,5,0,0,0,9,6,2,0,0,0,0,0,0,5,0,0,2,0,0,0,0,0,0,0,0,190,0,0,0,0,0,0,0,0,0,0,0,0,0,0,0,0,0,0,0,0,0,0,1,0,0,24,0,2,0,0,0,0,0,9,0,0,2,1,1,0,488,52.45902,488,3,0,5,8,17,0.469262295,0,0.055327869,0.554585153,0.253275109,0,0.333333333,1.776715746,Spring,M,1.384130374
78,4,2011,10,0,84,0,93,0,0,3,0,107,0,0,13,0,1,1,0,5,0,0,0,15,0,0,0,57,0,48,0,0,0,0,0,0,0,0,0,10,0,0,0,0,0,0,0,0,4,0,0,0,0,0,0,0,0,0,0,12,1,0,7,0,0,0,0,0,0,0,0,0,0,0,14,0,0,0,0,0,0,0,8,0,0,2,2,0,0,487,87.67967,487,4,4,3,11,20,0.589322382,0.041067762,0.246406571,0.292682927,0.324041812,0,0.475,2.257216383,Fall,M,1.852351364
79,4,2012,6,0,135,11,43,0,0,0,0,0,0,0,4,0,0,0,0,6,0,0,0,3,0,1,0,5,4,0,0,0,0,0,0,0,3,0,0,8,0,1,0,0,0,0,0,0,177,0,0,0,0,0,0,0,1,0,0,18,0,0,1,0,0,0,0,0,0,0,0,3,0,0,15,0,1,0,0,0,0,1,6,0,0,16,0,0,0,463,46.43629,463,3,2,5,10,22,0.408207343,0.021598272,0.034557235,0.714285714,0.227513228,0,0.3125,1.900144313,Spring,M,1.245985363
80,4,2012,10,1,65,0,52,0,0,0,0,100,0,0,25,0,3,0,0,3,0,0,0,56,0,0,0,54,0,62,0,0,0,0,0,0,7,0,0,4,0,1,0,0,0,0,0,0,28,0,0,0,0,0,0,0,0,0,0,11,4,0,0,0,0,0,0,0,0,0,0,0,0,0,4,1,2,0,0,0,0,0,0,0,0,15,0,0,0,498,85.94378,498,4,3,4,11,20,0.437751004,0.062248996,0.359437751,0.298165138,0.23853211,0,0.301675978,2.388024801,Fall,M,2.006064855
81,4,2013,10,0,73,0,14,0,0,0,0,110,0,0,12,0,1,0,3,0,0,0,0,114,0,0,0,47,0,73,0,0,0,0,0,0,4,0,0,1,0,0,0,0,0,0,0,0,1,0,0,0,0,0,0,0,0,0,0,15,0,0,0,0,0,0,0,0,0,0,0,0,0,0,2,0,0,0,1,0,0,0,27,0,0,2,1,0,0,501,90.01996,501,3,3,4,10,18,0.393213573,0.031936128,0.4750499,0.370558376,0.07106599,0.1875,0.197478992,2.09843525,Fall,M,1.810025708
82,4,2014,6,0,115,0,3,0,0,0,3,14,0,0,0,0,0,0,0,5,0,0,0,12,0,5,0,0,0,0,0,1,0,0,0,0,8,0,0,7,0,0,0,0,0,0,0,0,238,0,0,0,0,0,0,0,0,0,0,48,0,0,7,3,0,0,0,0,0,0,0,0,0,0,11,0,2,0,2,0,0,1,27,0,0,7,0,4,0,523,31.73996,523,4,1,4,9,21,0.258126195,0.009560229,0.049713193,0.851851852,0.022222222,0,0,1.863828161,Spring,M,1.185756087
83,4,2014,10,0,165,0,10,0,0,0,0,53,0,0,4,0,2,0,0,8,0,0,0,123,0,1,0,48,0,11,0,0,0,0,0,0,6,0,0,5,0,0,0,0,0,0,0,0,6,0,0,0,0,0,0,0,0,0,0,16,0,0,0,0,0,0,0,0,0,0,0,0,0,0,8,0,1,0,0,0,0,0,28,0,0,5,0,0,0,500,86.2,500,3,3,5,11,18,0.456,0.028,0.378,0.723684211,0.043859649,0,0.253968254,2.041726078,Fall,M,1.624476863
84,4,2015,10,0,69,0,59,0,0,0,0,29,0,0,17,0,0,0,0,2,0,0,0,112,0,0,0,21,0,2,0,0,0,0,0,0,3,0,0,0,0,0,0,0,0,0,0,1,8,0,0,0,0,0,0,0,0,0,0,90,0,0,3,0,0,0,0,0,0,0,0,0,0,0,7,0,0,0,0,0,0,0,32,0,0,0,0,3,0,458,68.55895,458,3,2,4,9,16,0.34279476,0.041484716,0.301310044,0.439490446,0.375796178,0,0.152173913,2.15141787,Fall,M,1.682451794
99,6,2003,6,0,62,0,3,0,23,1,0,3,0,0,0,0,0,0,1,2,0,0,0,1,0,4,3,98,47,0,7,0,0,0,0,0,0,0,0,8,0,0,0,0,0,0,0,3,160,0,1,0,0,0,0,0,0,0,0,27,3,0,9,1,0,0,0,0,0,0,2,0,0,0,22,0,0,3,0,0,1,0,2,0,0,0,3,0,0,500,51,500,5,2,6,13,27,0.184,0.006,0.32,0.673913043,0.032608696,0.333333333,0.6125,2.212904685,Spring,M,1.663919222
100,6,2003,10,0,31,0,0,0,35,0,0,1,0,0,0,0,0,0,0,0,0,0,0,1,0,0,5,14,3,0,0,0,0,6,0,0,1,0,0,14,0,6,0,0,0,0,0,0,230,0,4,0,0,2,0,0,0,0,0,51,2,0,48,0,0,0,0,0,0,0,1,0,0,1,4,0,0,0,1,0,3,0,18,0,1,1,18,0,0,502,19.32271,502,3,0,6,9,26,0.133466135,0,0.059760956,0.462686567,0,0,0.466666667,2.061513034,Fall,M,1.585729831
101,6,2004,6,0,32,0,2,0,6,0,0,0,0,0,1,0,0,0,8,0,0,0,0,0,0,3,0,200,2,0,0,0,0,6,1,0,0,0,0,1,0,0,0,0,0,0,0,0,57,0,5,0,0,0,0,0,0,0,0,64,0,0,1,0,0,0,0,0,0,0,9,0,0,0,17,0,1,11,0,0,0,0,3,0,0,1,0,0,0,431,60.55684,431,3,2,5,10,21,0.092807425,0.020881671,0.49187935,0.8,0.05,0.888888889,0.943396226,1.869879724,Spring,M,0.9102211975
102,6,2004,10,0,131,0,1,0,7,0,0,0,0,0,0,0,0,0,0,0,0,0,0,0,0,0,5,82,0,0,1,0,0,5,1,0,0,0,0,0,0,0,0,0,0,0,0,0,126,0,14,0,0,0,0,0,0,0,0,48,0,0,4,0,0,0,0,0,0,3,0,0,0,0,4,0,0,9,0,0,6,0,51,0,0,0,5,0,0,503,46.32207,503,3,0,5,8,18,0.276341948,0,0.186878728,0.942446043,0.007194245,0,0.872340426,2.033134741,Fall,M,1.031649708
103,6,2005,6,0,219,0,36,0,0,0,0,18,0,0,2,0,0,0,20,3,2,0,0,0,0,0,0,66,0,0,0,2,0,2,0,0,4,0,0,4,0,0,0,0,0,0,0,0,99,0,0,2,0,0,0,0,0,2,0,22,10,0,0,0,0,0,0,0,0,0,0,0,0,2,8,0,0,16,0,0,0,0,464,0,0,0,0,0,0,1003,37.28814,1003,3,4,4,11,21,0.27218345,0.026919242,0.073778664,0.802197802,0.131868132,0.740740741,0.891891892,1.75837921,Spring,M,1.346560256
104,6,2005,10,0,92,0,0,0,26,0,0,0,0,0,0,0,0,0,2,0,0,0,0,4,0,0,0,75,19,0,0,0,0,15,0,0,1,0,0,4,0,0,0,0,0,0,0,0,47,0,11,0,0,0,0,0,0,0,0,106,1,0,8,0,0,0,0,0,0,0,0,0,0,2,3,0,0,2,0,0,0,0,70,0,0,1,3,2,0,494,47.36842,494,2,1,5,8,21,0.238866397,0.004048583,0.230769231,0.779661017,0,1,0.657894737,2.253670134,Fall,M,1.489409863
105,6,2006,6,0,136,0,16,0,0,0,0,5,0,0,0,0,0,0,7,3,0,0,0,0,0,0,0,30,0,0,0,0,0,2,0,0,2,0,0,3,0,0,0,0,0,0,0,3,45,0,0,0,0,0,1,0,0,0,0,17,1,0,0,0,0,0,0,0,0,0,0,0,0,0,7,0,0,2,0,0,0,0,223,0,0,0,0,0,0,503,39.96024,503,3,2,3,8,17,0.312127237,0.019880716,0.067594433,0.866242038,0.101910828,0.7,0.882352941,1.686333142,Spring,M,1.112979576
106,6,2006,10,0,59,0,1,0,38,0,0,0,0,0,0,0,4,0,1,0,0,0,0,0,0,0,1,68,17,0,1,0,0,0,1,0,0,0,0,5,0,0,0,0,0,0,0,1,198,0,13,0,0,0,0,0,0,0,0,55,0,0,7,1,0,0,0,0,0,0,1,1,0,3,1,0,0,11,0,0,5,0,6,0,0,0,5,0,0,504,37.89683,504,3,2,5,10,25,0.194444444,0.009920635,0.174603175,0.602040816,0.010204082,0.2,0.772727273,2.077063719,Fall,M,1.485575462
107,6,2007,6,0,111,0,6,0,2,0,0,3,0,0,0,0,1,0,15,0,0,0,0,0,0,14,0,119,14,2,1,0,0,36,0,0,0,0,0,2,0,0,0,0,0,0,0,2,51,0,0,0,0,0,0,0,0,0,0,47,2,0,2,0,0,0,0,0,0,0,0,0,0,0,18,0,0,9,7,0,4,0,24,0,0,1,0,4,0,497,65.19115,497,4,2,6,12,25,0.245472837,0.032193159,0.374245473,0.909836066,0.049180328,0.9375,0.639784946,2.381131583,Spring,M,1.608479409
108,6,2007,10,0,83,0,17,0,73,0,0,0,0,0,4,0,0,0,3,0,0,0,0,0,0,1,4,93,2,0,0,0,0,22,0,0,0,0,0,3,0,0,0,0,0,0,1,0,47,0,3,0,0,1,1,0,0,0,0,90,0,0,1,0,0,0,0,0,0,0,0,0,0,5,5,0,1,18,0,0,2,0,10,0,0,0,0,2,0,492,61.38211,492,3,2,5,10,25,0.351626016,0.014227642,0.24796748,0.479768786,0.098265896,0.428571429,0.762295082,2.315185485,Fall,M,1.626191556
109,6,2008,6,25,0,0,3,0,49,0,0,0,0,0,0,0,0,0,4,0,0,0,0,1,0,0,1,100,20,4,2,0,0,28,4,0,0,0,0,22,0,0,0,0,0,0,1,0,147,0,5,0,0,0,0,0,0,0,0,74,0,0,5,0,0,0,0,0,0,0,5,0,0,0,9,0,0,0,0,0,0,0,2,0,0,2,0,20,0,533,45.21576,533,3,1,8,12,23,0.144465291,0.00750469,0.300187617,0,0.038961039,1,0.625,2.294573357,Spring,M,1.724539074
110,6,2008,10,0,82,0,3,0,12,0,0,0,0,0,0,0,0,0,1,0,0,0,0,0,0,0,2,71,3,0,0,0,0,46,0,0,0,0,0,0,0,0,0,0,0,0,0,0,17,0,2,0,0,0,0,0,0,0,0,66,1,0,0,0,0,0,0,0,0,0,0,1,0,1,0,0,0,6,0,0,1,0,191,0,0,0,3,0,0,509,43.222,509,3,1,4,8,18,0.190569745,0.001964637,0.239685658,0.845360825,0.030927835,1,0.581967213,1.885908275,Fall,M,1.403102084
111,6,2009,6,0,164,0,13,0,17,11,0,0,0,0,0,0,0,0,5,0,0,0,0,2,0,5,0,48,5,2,1,0,0,12,1,0,0,0,0,12,0,5,0,0,0,0,0,2,92,0,1,0,0,0,0,0,0,0,0,46,0,0,5,0,0,0,0,0,0,0,5,0,0,1,40,0,1,1,0,0,0,1,13,0,0,2,6,0,0,519,55.10597,519,4,1,8,13,29,0.394990366,0.009633911,0.146435453,0.8,0.063414634,1,0.631578947,2.363948777,Spring,M,1.506290425
112,6,2009,10,0,183,0,7,0,24,0,0,0,0,0,0,0,0,0,3,0,0,0,0,0,0,0,6,69,11,0,0,0,0,13,2,0,0,0,0,1,0,0,0,0,0,0,0,0,36,0,5,0,0,0,0,0,0,0,0,98,0,0,1,0,0,0,0,0,0,0,1,0,0,1,7,0,0,12,0,0,2,0,11,0,0,0,13,0,0,506,62.84585,506,3,1,5,9,21,0.422924901,0.005928854,0.199604743,0.855140187,0.03271028,1,0.683168317,2.091503436,Fall,M,1.326397749
113,6,2010,6,0,299,0,8,0,3,0,1,14,0,0,0,0,0,0,3,0,0,0,0,0,0,4,1,3,0,0,0,0,0,0,0,0,0,0,0,3,0,2,0,0,0,0,0,0,38,0,0,0,0,0,0,0,0,0,0,12,1,0,0,0,0,0,0,0,0,0,0,0,0,0,11,0,2,4,0,0,0,0,104,0,0,0,0,0,0,513,65.49708,513,5,1,3,9,18,0.633528265,0.005847953,0.015594542,0.92,0.024615385,1,0.375,1.45529677,Spring,M,0.5389931497
114,6,2010,10,0,43,0,1,0,25,0,0,0,0,0,0,0,0,0,1,0,0,0,0,0,0,0,0,132,1,0,0,0,0,111,1,0,0,0,0,2,0,1,0,0,0,0,0,0,52,0,10,0,0,0,0,0,0,0,0,80,2,0,0,0,0,0,0,0,0,0,0,0,0,0,0,0,0,4,1,0,2,0,30,0,0,0,5,0,0,504,62.5,504,3,1,4,8,19,0.136904762,0.001984127,0.486111111,0.623188406,0.014492754,1,0.53877551,2.057404598,Fall,M,1.277997379
115,6,2011,6,0,183,0,38,0,2,0,0,63,0,0,3,0,2,0,4,0,0,0,0,0,0,8,0,9,1,0,0,0,0,0,0,0,0,0,0,19,0,0,0,0,0,0,0,1,66,0,3,0,0,0,0,0,0,0,0,13,3,0,0,0,0,0,0,0,0,0,0,0,0,0,37,0,1,4,0,0,1,0,25,0,0,1,0,2,0,489,64.00818,489,4,3,3,10,23,0.584867076,0.018404908,0.036809816,0.63986014,0.132867133,0.444444444,0.5,2.133279198,Spring,M,1.271424007
116,6,2011,10,0,86,0,17,0,36,0,0,3,0,0,3,0,0,0,0,0,0,0,0,0,0,2,11,105,6,0,1,0,0,27,0,0,0,0,0,6,0,20,0,0,0,0,2,0,28,0,14,0,0,0,0,0,0,0,0,83,0,0,17,0,0,0,0,0,0,0,1,0,0,10,7,0,1,19,0,1,2,0,5,0,0,0,6,0,0,519,57.22543,519,4,1,6,11,27,0.273603083,0.005780347,0.292870906,0.605633803,0.11971831,0,0.690789474,2.584383635,Fall,M,1.710553751
117,6,2012,6,0,81,0,116,0,1,1,0,41,0,0,0,0,0,0,8,1,0,0,0,0,0,4,2,35,0,1,0,0,0,14,0,0,0,0,0,1,0,0,0,0,0,0,0,0,45,0,2,0,0,0,0,0,0,0,0,54,0,0,1,1,0,0,0,0,0,1,0,0,0,0,5,0,1,19,1,0,0,0,1,0,0,1,2,0,0,440,69.31818,440,5,2,5,12,26,0.545454545,0.020454545,0.127272727,0.3375,0.483333333,0.888888889,0.625,2.248040301,Spring,M,1.639740343
118,6,2012,10,0,122,0,62,0,48,0,0,2,0,0,8,0,0,0,0,0,0,0,0,0,0,2,12,106,0,0,4,0,0,20,0,0,0,0,0,12,0,0,0,0,0,0,0,0,46,0,8,0,0,0,0,0,0,0,0,42,1,0,4,0,0,0,0,0,0,0,0,0,0,28,20,0,0,6,0,0,0,0,414,0,0,0,20,0,0,987,39.10841,987,4,1,5,10,21,0.237082067,0.00810537,0.145896657,0.521367521,0.264957265,0,0.736111111,2.102454346,Fall,M,1.715417899
119,6,2012,11,0,190,0,84,0,116,1,0,0,0,0,23,0,0,0,0,12,0,0,0,0,0,5,4,172,1,0,3,0,0,31,0,0,0,0,0,24,0,1,0,0,0,0,0,0,107,0,23,0,0,0,0,0,0,0,0,105,0,0,11,0,0,0,0,0,0,0,0,0,0,10,13,0,1,13,0,0,2,0,18,0,0,4,10,0,0,984,65.2439,984,4,2,6,12,26,0.397357724,0.035569106,0.219512195,0.485933504,0.21483376,0,0.796296296,2.465617035,Fall,M,1.743115171
120,6,2013,10,0,56,0,14,0,62,1,0,3,0,0,5,0,0,0,0,0,0,0,0,0,0,0,2,30,1,1,6,0,0,14,1,0,0,0,0,3,0,0,0,0,0,0,0,1,46,0,20,0,0,0,0,0,0,0,0,114,0,0,0,0,0,22,0,0,0,0,0,0,0,17,34,0,2,0,0,14,1,0,0,0,0,6,10,0,0,486,40.32922,486,5,1,7,13,26,0.279835391,0.010288066,0.113168724,0.411764706,0.102941176,0,0.545454545,2.567387757,Fall,M,1.805097155
121,6,2014,6,0,14,0,7,0,120,24,0,2,0,0,5,0,0,0,4,2,2,0,0,7,0,3,0,70,13,0,0,0,0,40,6,0,0,0,0,1,0,2,0,0,0,0,0,0,107,0,1,0,0,0,0,0,0,0,0,27,0,0,5,0,0,0,0,0,0,0,9,0,0,5,9,0,0,0,3,0,10,3,7,0,0,2,0,3,1,513,62.18324,514,5,4,6,15,31,0.325536062,0.025341131,0.270955166,0.083832335,0.041916168,0.307692308,0.503597122,2.527323488,Spring,M,1.924897447
122,6,2014,10,0,67,0,3,0,138,0,0,1,0,0,0,0,0,0,0,0,0,0,0,0,0,0,4,64,9,0,15,0,0,28,5,0,0,0,0,4,0,32,0,0,0,0,0,0,55,0,5,0,1,0,0,0,0,0,0,38,2,0,1,0,0,0,0,0,0,0,0,0,0,0,11,2,1,4,0,0,7,0,8,0,0,1,2,0,0,508,65.74803,508,4,0,6,10,26,0.411417323,0,0.246062992,0.320574163,0.014354067,0,0.512,2.41464664,Fall,M,1.624225916
127,8,2003,6,0,223,0,0,0,7,0,0,0,0,0,0,0,0,0,0,0,0,0,0,3,0,0,0,166,0,0,0,0,0,0,0,0,0,0,0,6,0,4,0,0,0,0,0,0,31,0,0,0,0,0,0,0,0,0,0,6,0,0,6,0,0,0,0,0,0,0,3,0,0,0,3,0,0,1,0,0,1,0,36,0,0,0,3,0,0,499,79.95992,499,2,0,2,4,15,0.460921844,0,0.338677355,0.969565217,0,0,0.982248521,1.510145083,Spring,Blw LWW,0.7977170915
128,8,2003,10,0,66,0,0,0,10,0,0,0,0,0,0,0,0,0,0,0,0,0,0,3,0,0,0,142,3,0,0,0,0,0,0,0,0,0,0,2,0,0,0,0,0,0,0,0,168,0,0,0,0,0,0,0,0,0,0,4,0,0,1,0,0,0,0,0,0,0,0,0,0,0,2,0,0,0,0,0,1,0,81,0,0,0,12,0,0,495,45.25253,495,2,0,3,5,13,0.153535354,0,0.298989899,0.868421053,0,0,0.959459459,1.645948944,Fall,Blw LWW,0.9033327491
129,8,2004,6,0,137,0,0,0,87,0,0,0,0,0,0,0,0,0,0,0,0,0,0,6,0,0,0,65,5,0,0,0,0,0,0,0,0,0,0,7,0,11,0,0,0,0,1,0,101,0,4,0,0,0,0,0,0,0,0,7,0,0,22,0,0,1,0,0,0,0,9,0,0,0,0,0,0,0,1,0,2,0,14,0,0,0,30,0,0,510,58.82353,510,2,0,3,5,18,0.439215686,0,0.149019608,0.611607143,0,0,0.855263158,2.12275077,Spring,Blw LWW,1.194768101
130,8,2004,10,0,184,0,1,0,16,0,0,0,0,0,0,0,0,0,0,0,0,0,0,1,0,0,0,41,10,0,0,0,0,0,1,0,0,0,0,1,0,29,0,0,0,0,0,0,68,0,2,0,0,0,0,1,0,0,0,34,0,0,1,0,0,1,0,0,0,2,0,0,0,0,0,0,1,1,0,0,3,0,62,0,0,0,27,0,0,487,52.15606,487,3,0,4,7,21,0.412731006,0,0.108829569,0.915422886,0.004975124,0,0.773584906,2.028855865,Fall,Blw LWW,0.8948464536
131,8,2005,6,0,224,0,0,0,10,0,0,0,0,0,0,0,0,0,0,0,0,0,0,0,0,1,0,84,0,0,0,0,0,0,0,0,0,0,0,2,0,7,0,0,0,0,0,0,10,0,0,0,0,0,0,0,0,0,0,1,0,0,2,0,0,0,0,0,0,1,1,0,0,0,0,0,0,0,0,0,0,0,143,0,0,0,4,0,0,490,65.10204,490,2,0,2,4,13,0.47755102,0,0.173469388,0.957264957,0,0,0.988235294,1.389234018,Spring,Blw LWW,0.7262469722
132,8,2005,10,0,77,0,0,0,40,0,0,0,0,0,0,0,0,0,0,0,0,0,0,7,0,0,0,18,0,0,0,0,0,1,0,0,0,0,0,2,0,21,0,0,0,0,0,0,215,0,0,0,0,0,0,0,0,0,0,10,0,0,6,0,0,0,0,0,0,0,0,0,0,0,16,0,0,0,0,0,5,0,38,0,0,0,54,0,0,510,28.03922,510,2,0,3,5,14,0.229411765,0,0.050980392,0.658119658,0,0,0.692307692,1.923417978,Fall,Blw LWW,1.132940726
133,8,2006,6,0,257,0,2,0,15,0,0,0,0,0,0,0,0,0,0,0,0,0,0,3,0,0,0,81,0,0,0,0,0,6,0,0,0,0,0,2,0,1,0,0,0,0,0,0,15,0,1,0,0,0,2,0,0,0,0,3,0,0,0,0,0,0,0,0,0,0,2,0,0,0,5,0,0,0,0,0,0,0,95,0,0,0,12,0,0,502,72.50996,502,3,0,3,6,16,0.545816733,0,0.179282869,0.937956204,0.00729927,0,0.9,1.539991113,Spring,Blw LWW,0.8473836028
134,8,2006,10,0,51,0,0,0,8,0,0,0,0,0,0,0,0,0,0,0,0,0,0,0,0,0,0,71,0,0,0,0,0,1,0,0,0,0,0,0,0,13,0,0,0,0,0,0,6,0,1,0,0,0,0,0,0,0,0,5,0,0,0,0,0,0,0,0,0,0,0,0,0,0,0,0,0,3,0,0,3,0,339,0,0,0,2,0,0,503,26.04374,503,2,0,2,4,12,0.117296223,0,0.143141153,0.86440678,0,0,0.986111111,1.154645678,Fall,Blw LWW,0.90719037
135,8,2007,6,0,138,0,0,0,25,0,0,0,0,0,0,0,0,0,0,0,0,0,0,9,0,0,0,137,21,0,0,0,0,35,0,0,0,0,0,0,0,8,0,0,0,0,0,0,65,0,2,0,0,0,0,0,0,0,0,17,0,0,7,0,0,0,0,0,0,1,4,0,0,0,0,0,0,3,1,0,0,0,9,0,0,0,19,0,0,501,72.85429,501,2,0,4,6,17,0.325349301,0,0.403193613,0.846625767,0,0,0.678217822,2.086448233,Spring,Blw LWW,1.39957553
136,8,2007,10,0,61,0,0,0,41,0,0,0,0,0,0,0,0,0,0,0,0,0,0,0,0,0,0,89,72,0,0,0,0,21,0,0,0,0,0,1,0,7,0,0,0,0,0,0,76,0,1,0,0,0,1,0,0,0,0,31,0,0,7,0,0,0,0,0,0,1,1,0,0,0,0,0,0,4,0,0,17,0,54,0,0,0,11,0,0,496,57.25806,496,2,0,3,5,18,0.205645161,0,0.366935484,0.598039216,0,0,0.489010989,2.328857676,Fall,Blw LWW,1.513892093
137,8,2008,6,0,84,0,0,0,11,0,0,0,0,0,0,0,0,0,0,0,0,0,0,5,0,0,2,114,12,0,0,0,0,3,0,0,0,0,0,2,0,53,0,0,0,0,0,0,128,0,3,0,0,0,0,0,0,0,0,19,0,0,0,0,0,1,0,0,0,0,12,1,0,0,1,0,1,2,0,0,4,0,4,0,0,0,36,0,0,498,46.38554,498,2,0,5,7,21,0.190763052,0,0.273092369,0.884210526,0,0,0.838235294,2.123636843,Spring,Blw LWW,1.195490079
138,8,2008,10,0,234,0,0,0,63,0,0,0,0,0,0,0,0,0,0,0,0,0,0,15,0,0,0,100,20,0,1,0,0,58,0,0,0,0,0,0,0,37,0,0,0,0,0,0,156,0,14,0,0,0,0,0,0,0,0,71,1,0,2,0,0,0,0,0,0,2,0,0,1,0,9,0,7,14,0,0,2,0,100,1,0,1,107,0,0,1016,48.32677,1016,2,0,5,7,23,0.292322835,0,0.190944882,0.787878788,0,0,0.515463918,2.377347282,Fall,Blw LWW,1.442634066
139,8,2009,6,0,217,0,0,0,25,0,0,0,0,0,0,0,0,0,0,1,0,0,0,6,0,0,0,116,7,0,0,0,0,6,0,0,0,0,0,3,0,27,0,0,0,0,0,0,59,0,0,0,0,0,0,0,0,0,0,4,0,0,1,0,0,0,0,0,0,0,2,0,0,0,4,0,0,0,0,0,6,0,14,0,0,1,11,0,0,510,74.11765,510,2,1,4,7,18,0.474509804,0.001960784,0.264705882,0.896694215,0,0,0.859259259,1.832193279,Spring,Blw LWW,1.081855655
140,8,2009,10,0,254,0,0,0,36,0,0,0,0,0,0,0,0,0,0,0,0,0,0,9,0,0,5,6,18,0,0,0,0,20,2,2,0,0,0,6,0,181,0,0,0,0,0,0,121,0,10,0,0,0,0,0,0,0,0,60,0,0,12,0,0,3,0,0,0,1,0,0,0,3,73,0,4,28,0,0,4,0,110,0,0,0,25,0,0,993,35.44814,993,2,0,7,9,24,0.29204431,0,0.062437059,0.875862069,0,0,0.096774194,2.338817156,Fall,Blw LWW,1.065971292
141,8,2009,11,0,33,0,0,0,5,0,0,0,0,0,0,0,0,0,0,0,0,0,0,1,0,0,0,4,0,0,0,0,0,15,0,0,0,0,0,0,0,5,0,0,0,0,0,0,6,0,1,0,0,0,0,0,0,0,0,7,0,0,0,0,0,0,0,0,0,0,0,0,0,0,6,0,0,1,0,0,0,0,417,0,0,0,9,0,0,510,11.37255,510,2,0,3,5,13,0.074509804,0,0.039215686,0.868421053,0,0,0.2,0.8563632195,Fall,Blw LWW,1.136341811
142,8,2009,12,0,183,0,0,0,19,0,0,0,0,0,0,0,0,0,0,0,0,0,0,1,0,1,0,16,4,0,0,0,0,3,0,0,0,0,0,1,0,44,0,0,0,0,0,0,14,0,1,0,0,0,0,1,0,0,0,4,0,0,0,0,0,1,0,0,0,0,0,1,0,0,2,0,0,2,0,0,2,0,172,0,0,0,22,0,0,494,45.95142,494,2,0,5,7,20,0.408906883,0,0.050607287,0.905940594,0,0,0.64,1.707382566,Fall,Blw LWW,0.7444093107
143,8,2010,6,0,175,0,0,0,10,0,0,0,0,0,0,0,0,0,0,0,0,0,0,2,0,0,0,22,21,0,0,1,0,3,0,0,0,0,0,0,0,95,0,0,0,0,0,0,32,0,2,0,0,0,0,0,0,0,0,19,0,0,20,0,0,0,0,0,0,1,0,0,0,0,48,0,1,5,1,0,2,0,13,0,0,5,18,0,0,496,47.17742,496,2,0,5,7,21,0.372983871,0,0.098790323,0.945945946,0,0,0.448979592,2.166795341,Spring,Blw LWW,0.9105201207
144,8,2010,10,0,97,0,1,0,51,0,0,0,0,0,0,0,0,0,0,0,0,0,0,2,0,0,0,57,5,0,0,0,0,21,0,0,0,0,0,2,0,51,0,0,0,0,0,0,44,0,4,0,0,0,0,0,0,0,0,38,0,0,1,0,0,0,0,0,0,0,2,0,0,0,4,0,4,10,0,0,23,0,62,0,0,0,35,0,0,514,45.52529,514,3,0,4,7,20,0.289883268,0,0.16536965,0.651006711,0.006711409,0,0.670588235,2.470411675,Fall,Blw LWW,1.40364398
145,8,2011,6,0,273,0,0,0,0,0,0,0,0,0,0,0,0,0,1,0,0,0,0,3,0,0,0,74,5,0,4,0,0,14,0,0,0,0,0,0,0,16,0,0,0,0,0,1,51,0,0,0,0,0,0,0,0,0,0,8,0,0,3,0,0,0,0,0,0,0,0,0,0,0,3,0,1,4,0,0,2,0,42,0,0,0,5,0,0,510,73.33333,510,1,1,5,7,18,0.535294118,0.001960784,0.196078431,1,0,1,0.74,1.655081554,Spring,Blw LWW,0.8340910288
146,8,2011,10,0,108,0,0,0,5,0,0,0,0,0,0,0,0,0,0,0,0,0,0,0,0,0,0,46,30,0,0,0,0,31,0,0,0,0,0,0,0,28,0,0,0,0,0,0,27,0,0,0,0,0,0,0,0,0,0,11,0,0,8,0,0,0,0,0,0,0,0,1,0,2,10,0,0,14,0,0,9,0,157,0,0,0,0,3,0,490,44.89796,490,2,0,3,5,16,0.230612245,0,0.218367347,0.955752212,0,0,0.429906542,2.127527971,Fall,Blw LWW,1.310334859
147,8,2012,6,0,31,0,0,0,12,0,0,0,0,0,0,0,0,0,0,0,0,0,0,0,0,0,0,38,115,0,1,0,0,0,0,0,0,0,0,3,0,16,0,0,0,0,0,0,167,0,2,0,0,0,0,0,0,0,0,4,0,0,14,0,0,0,0,0,0,0,2,0,0,0,82,0,0,2,0,0,15,0,1,0,0,0,8,0,0,513,38.40156,513,2,0,3,5,17,0.083820663,0,0.300194932,0.720930233,0,0,0.246753247,1.993173457,Spring,Blw LWW,1.119914632
148,8,2013,10,0,83,0,0,0,13,0,0,1,0,0,0,0,0,0,0,0,0,0,0,0,0,0,0,5,41,0,0,0,0,18,5,0,0,0,0,1,0,104,0,0,0,0,0,0,26,0,0,0,14,0,1,1,0,0,0,29,1,0,35,0,0,0,0,0,0,1,0,0,0,2,70,0,10,24,0,0,5,0,0,0,0,0,4,0,0,494,33.60324,494,3,0,4,7,23,0.196356275,0,0.139676113,0.855670103,0,0,0.072463768,2.458573275,Fall,Blw LWW,1.374122502
149,8,2014,6,0,47,0,0,0,21,0,0,0,0,0,0,0,0,0,0,0,0,0,0,0,0,0,0,115,0,0,0,0,0,36,3,0,0,0,0,0,0,180,0,0,0,0,0,0,41,0,2,0,0,0,0,0,0,0,0,26,0,0,4,0,0,0,0,0,0,0,0,0,0,1,11,0,4,6,0,0,2,0,19,0,0,0,2,0,0,520,42.69231,520,2,0,3,5,17,0.130769231,0,0.296153846,0.691176471,0,0,0.746753247,2.035050067,Spring,Blw LWW,1.245643049
150,8,2014,10,0,74,1,0,0,45,0,0,0,0,0,0,0,0,0,0,0,0,0,0,4,0,0,0,23,10,0,0,0,0,1,1,0,0,0,0,0,0,34,0,0,0,0,0,0,55,0,7,0,0,0,0,0,0,0,0,7,0,0,6,0,0,0,0,0,0,0,0,0,0,0,12,0,0,2,2,0,0,0,217,0,0,0,0,0,0,501,31.73653,501,3,0,5,8,17,0.239520958,0,0.077844311,0.616666667,0,0,0.58974359,1.905268952,Fall,Blw LWW,1.355143043
155,9,2003,6,0,193,0,1,0,21,0,0,1,0,0,0,0,0,0,0,0,0,0,0,1,0,1,0,136,3,0,0,0,0,0,0,0,1,0,0,2,0,3,0,0,0,0,0,0,19,0,0,0,0,0,1,0,0,0,0,16,0,0,0,0,0,0,0,0,0,0,3,1,0,0,4,0,0,2,0,0,3,0,83,0,0,0,5,0,0,500,71.6,500,4,0,5,9,21,0.432,0,0.284,0.893518519,0.00462963,0,0.957746479,1.742871125,Spring,Blw LWW,0.9893288552
156,9,2003,10,0,20,0,0,0,8,0,0,0,0,0,0,0,0,0,0,0,0,0,0,3,0,1,0,28,11,0,0,0,0,16,0,0,0,0,0,6,0,0,0,0,0,0,0,0,281,0,1,0,0,1,0,0,0,0,0,26,0,0,0,0,0,0,0,0,0,0,0,0,1,0,1,0,0,1,0,0,2,0,58,0,0,0,14,0,0,479,18.16284,479,2,0,5,7,18,0.058455115,0,0.123173278,0.714285714,0,0,0.474576271,1.60079114,Fall,Blw LWW,1.662620664
157,9,2004,6,0,67,1,0,0,24,0,0,0,0,0,0,0,0,0,0,0,0,0,0,1,0,0,0,124,26,0,0,0,0,0,0,0,0,0,0,5,0,3,0,0,0,0,0,111,0,0,1,0,1,0,0,0,0,0,0,7,1,0,44,0,0,0,0,0,0,0,7,0,0,0,25,0,1,1,0,0,1,0,48,0,0,1,11,0,0,511,47.55382,511,3,0,3,6,22,0.180039139,0,0.295499022,0.72826087,0,0,0.821192053,2.221469202,Spring,Blw LWW,1.211525964
158,9,2004,10,0,108,0,0,0,19,0,0,0,0,0,0,0,0,0,0,0,0,0,0,2,0,0,2,27,15,0,0,0,0,1,0,0,0,0,0,2,0,1,0,0,0,0,1,0,43,0,2,0,0,0,1,0,0,0,0,11,0,0,4,0,0,0,0,0,0,3,0,0,0,1,4,0,1,3,0,0,7,0,224,0,0,0,13,0,0,495,35.15152,495,2,0,5,7,23,0.256565657,0,0.094949495,0.850393701,0,0,0.574468085,1.855026404,Fall,Blw LWW,1.1705757
159,9,2005,6,0,238,0,6,0,20,0,0,1,0,0,0,0,0,0,0,1,0,0,0,1,0,0,0,53,5,2,0,0,0,1,0,0,1,0,0,1,0,6,0,0,0,0,0,0,16,0,0,0,0,0,0,0,0,0,0,10,0,0,1,0,0,0,0,0,0,0,0,0,0,0,8,0,2,2,0,0,1,0,106,0,0,0,0,0,0,482,68.25726,482,4,1,6,11,21,0.549792531,0.002074689,0.130705394,0.898113208,0.022641509,0,0.841269841,1.662306924,Spring,Blw LWW,0.9543417083
160,9,2005,10,0,78,0,0,0,10,0,0,1,0,0,0,0,0,0,0,0,0,0,0,6,0,0,0,64,8,0,1,0,0,10,0,0,0,0,0,1,0,2,0,0,0,0,0,0,124,0,0,0,0,0,0,0,0,0,0,24,1,0,1,0,0,0,0,0,0,0,0,0,0,0,7,0,0,1,0,0,1,0,113,1,0,0,49,0,0,503,35.38767,503,3,0,5,8,20,0.17693837,0,0.17693837,0.876404494,0,0,0.719101124,2.077027537,Fall,Blw LWW,1.364763343
161,9,2006,6,0,192,0,0,0,9,0,0,0,0,0,0,0,0,0,0,1,0,0,0,2,0,0,0,55,0,0,0,0,0,11,0,0,0,0,0,1,0,1,0,0,0,0,0,0,61,0,0,0,0,0,1,0,0,0,0,17,0,0,0,0,0,0,0,0,0,0,0,0,0,0,0,0,0,4,0,0,0,0,157,0,0,0,15,4,0,531,50.84746,531,2,1,3,6,15,0.378531073,0.001883239,0.128060264,0.955223881,0,0,0.808823529,1.730001288,Spring,Blw LWW,0.8673826991
162,9,2006,10,0,59,0,0,0,17,0,0,0,0,0,0,0,0,0,0,0,0,0,0,1,0,0,0,11,19,0,1,0,0,6,0,0,0,0,0,1,0,17,0,0,0,0,0,0,14,0,3,0,0,0,0,0,0,0,0,54,0,0,9,0,0,0,0,0,0,0,0,0,0,0,5,16,3,5,1,0,2,0,240,0,0,0,7,0,0,491,23.21792,491,2,0,5,7,21,0.154786151,0,0.077393075,0.776315789,0,0,0.289473684,1.938474829,Fall,Blw LWW,1.386978436
163,9,2007,6,0,30,0,1,0,33,0,0,0,0,0,0,0,0,0,0,1,0,0,0,1,0,0,0,76,20,0,0,0,0,18,1,0,0,0,0,3,0,4,0,0,0,0,1,0,120,0,0,0,0,0,0,0,0,0,0,21,1,0,28,0,0,0,0,0,0,0,4,0,0,0,91,0,1,0,0,0,0,0,20,0,0,0,9,0,0,484,37.39669,484,3,1,5,9,21,0.132231405,0.002066116,0.239669421,0.46875,0.015625,0,0.655172414,2.286323927,Spring,Blw LWW,1.56038796
164,9,2007,10,0,33,0,0,0,133,0,0,3,0,0,0,0,0,0,0,0,0,0,0,3,0,0,3,15,36,0,0,0,0,3,0,0,0,0,0,1,0,14,0,0,0,0,0,0,62,0,3,0,0,2,1,0,0,0,1,34,1,0,28,0,0,0,0,0,0,0,1,0,0,11,60,5,0,11,0,0,26,0,4,0,0,0,9,0,0,503,45.52684,503,3,0,5,8,26,0.335984095,0,0.119284294,0.195266272,0,0,0.25,2.510160365,Fall,Blw LWW,1.291311672
165,9,2008,6,0,99,0,1,0,65,0,0,0,0,0,0,0,0,0,0,0,0,0,0,9,0,0,0,100,13,0,1,0,0,6,0,0,0,0,0,1,0,6,0,0,0,0,2,1,113,0,1,0,0,0,0,0,0,0,0,28,0,0,37,0,0,0,0,0,0,0,14,0,0,0,10,0,1,7,0,0,1,0,10,0,0,1,5,0,0,532,55.26316,532,3,0,5,8,24,0.310150376,0,0.242481203,0.6,0.006060606,0,0.775193798,2.293429633,Spring,Blw LWW,1.429705699
166,9,2008,10,0,114,0,4,0,20,0,0,0,0,0,0,0,0,0,0,0,0,0,0,10,0,0,4,29,49,0,1,0,0,3,3,0,0,0,0,1,0,6,0,0,0,0,0,0,118,0,6,0,0,0,0,0,0,0,0,46,0,0,4,0,0,2,0,0,0,5,0,0,0,6,0,0,0,8,0,0,0,0,27,0,0,0,16,16,0,498,47.59036,498,3,0,7,10,23,0.277108434,0,0.198795181,0.826086957,0.028985507,0,0.292929293,2.395052341,Fall,Blw LWW,1.548651188
167,9,2009,6,0,181,0,0,0,14,1,0,1,0,0,0,0,0,0,2,0,0,0,0,0,0,0,0,83,5,0,0,0,0,14,0,0,0,0,0,0,0,11,0,0,0,0,0,0,74,0,0,0,0,0,0,0,0,0,0,10,0,0,0,0,0,0,0,0,0,0,6,0,0,1,0,0,0,3,0,0,2,0,100,0,0,2,1,0,0,511,58.90411,511,4,1,3,8,18,0.385518591,0.003913894,0.199608611,0.918781726,0,1,0.81372549,1.877385183,Spring,Blw LWW,1.085785274
168,9,2009,10,0,94,0,0,0,11,0,0,0,0,0,0,0,0,0,1,0,0,0,0,7,0,0,2,42,13,0,0,0,0,30,1,0,0,0,0,0,0,26,0,0,0,0,0,0,85,0,6,0,0,0,0,0,0,0,0,60,0,0,21,0,0,0,0,0,0,0,0,1,0,4,29,0,1,11,0,0,3,0,52,1,0,0,1,0,0,502,40.03984,502,2,1,6,9,23,0.209163347,0.001992032,0.189243028,0.895238095,0,1,0.442105263,2.488764162,Fall,Blw LWW,1.518147644
169,9,2010,6,0,286,0,0,0,5,0,0,0,0,0,0,0,0,0,0,0,0,0,0,2,0,0,0,38,8,0,0,0,0,1,0,0,0,0,0,0,0,36,0,0,0,0,0,0,33,0,0,0,0,0,0,0,0,0,0,3,0,0,3,0,0,0,0,0,0,0,3,0,0,0,1,0,0,1,0,0,2,0,64,0,0,7,1,2,0,496,68.54839,496,2,0,4,6,18,0.586693548,0,0.098790323,0.982817869,0,0,0.775510204,1.54783457,Spring,Blw LWW,0.588031064
170,9,2010,10,0,102,0,0,0,8,0,0,0,0,0,0,0,0,0,0,0,0,0,0,0,0,0,0,59,18,0,0,0,0,34,0,0,0,0,0,3,0,17,0,0,0,0,1,0,54,0,3,0,0,0,1,0,0,0,0,24,0,0,5,0,0,0,0,0,0,2,0,0,0,0,0,1,0,10,0,0,0,0,192,0,0,0,7,0,0,541,40.85028,541,2,0,3,5,18,0.203327172,0,0.205175601,0.927272727,0,0,0.531531532,2.053847851,Fall,Blw LWW,1.32178072
171,9,2011,6,0,226,0,0,0,1,0,0,1,0,0,0,0,0,0,1,0,0,0,0,0,0,0,0,57,7,0,0,0,0,3,0,0,0,0,0,4,0,6,0,0,0,0,0,1,83,0,1,0,0,0,0,0,0,0,0,4,0,0,0,0,0,0,0,0,0,0,0,0,0,0,17,0,1,4,0,0,1,0,77,0,0,7,0,0,0,502,58.96414,502,3,1,3,7,19,0.454183267,0.001992032,0.133466135,0.99122807,0,1,0.850746269,1.727878282,Spring,Blw LWW,0.7159944543
172,9,2011,10,0,46,0,0,0,24,0,0,0,0,0,0,0,0,0,0,0,0,0,0,0,0,0,0,23,2,0,0,0,0,0,0,0,0,0,0,0,0,108,0,0,0,0,0,0,34,0,5,0,1,0,0,0,0,0,0,8,0,0,12,0,0,0,0,0,0,0,0,0,0,2,52,1,0,5,0,0,5,0,157,0,0,0,4,0,0,489,19.4274,489,2,0,2,4,17,0.143149284,0,0.051124744,0.657142857,0,0,0.92,2.063010031,Fall,Blw LWW,1.123419444
173,9,2012,6,0,128,0,8,0,8,0,0,0,0,0,0,0,0,0,1,1,0,0,0,0,0,1,0,72,34,0,1,2,0,2,0,0,0,0,0,1,0,2,0,0,0,0,0,0,119,0,0,0,0,0,0,0,0,0,0,9,1,0,6,0,0,0,0,0,0,0,1,0,0,0,24,0,0,3,0,0,6,0,98,0,0,1,1,0,0,530,48.67925,530,3,2,6,11,24,0.271698113,0.003773585,0.211320755,0.888888889,0.055555556,0.5,0.642857143,2.091828274,Spring,Blw LWW,1.347844292
174,9,2013,10,0,70,0,0,0,62,0,0,0,0,0,0,0,0,0,0,0,0,0,0,0,0,0,0,2,21,0,2,0,0,0,1,0,0,0,0,2,0,53,0,0,0,0,0,0,50,0,8,0,0,0,0,0,0,0,0,32,0,0,44,0,0,3,0,0,0,2,1,0,0,3,48,1,1,12,0,0,0,0,3,0,0,1,1,0,0,423,37.35225,423,2,0,4,6,23,0.312056738,0,0.061465721,0.53030303,0,0,0.076923077,2.408252082,Fall,Blw LWW,1.13864213
175,9,2014,6,0,12,0,3,0,167,0,55,0,0,0,0,0,0,0,0,0,0,0,0,2,0,0,0,42,8,1,0,0,0,2,3,0,1,0,0,1,0,14,0,0,0,0,0,2,114,0,5,0,0,0,0,0,0,0,0,13,0,0,17,2,0,0,0,0,0,0,5,0,0,0,4,0,0,21,0,0,7,0,3,0,0,1,1,10,0,516,57.36434,516,4,0,7,11,27,0.459302326,0,0.114341085,0.050632911,0.012658228,0,0.711864407,2.243734426,Spring,Blw LWW,1.33931523
176,9,2014,10,0,91,1,0,0,40,0,0,0,0,0,0,0,0,0,0,0,0,0,0,0,0,0,2,63,38,0,0,0,1,14,0,0,0,0,0,4,0,12,0,0,0,0,0,0,105,0,3,0,0,0,0,0,0,0,0,42,0,0,19,0,0,0,0,0,0,4,1,0,0,0,2,0,3,10,0,0,7,0,14,0,0,3,13,0,0,492,50.81301,492,3,0,5,8,23,0.268292683,0,0.239837398,0.689393939,0,0,0.533898305,2.444518307,Fall,Blw LWW,1.53897191
189,11,2003,6,0,34,0,5,0,0,1,0,4,0,0,0,0,7,0,1,0,0,0,0,0,0,0,0,0,0,2,0,1,0,0,0,1,2,0,0,20,0,0,0,0,0,0,0,0,193,0,0,0,1,0,0,0,0,0,0,0,4,0,0,5,0,0,0,0,0,0,0,0,0,0,114,0,0,0,0,0,0,0,105,0,0,0,0,0,0,500,11.6,500,4,2,4,10,17,0.088,0.016,0.012,0.772727273,0.113636364,0.125,0,1.696044396,Spring,LDC,1.476260517
190,11,2003,10,0,12,0,3,0,0,5,0,7,0,2,4,0,0,0,0,0,0,0,0,10,1,0,0,10,0,6,0,0,0,0,2,0,3,0,0,35,0,0,0,0,0,0,0,1,260,0,0,0,7,0,0,0,0,0,0,7,3,0,0,5,0,0,0,1,0,0,0,0,0,0,69,0,0,0,0,0,0,4,41,0,0,1,0,2,0,501,12.97405,501,4,2,6,12,25,0.053892216,0.011976048,0.063872255,0.444444444,0.111111111,0,0.3125,1.876160501,Fall,LDC,2.279015901
192,11,2004,10,0,13,0,1,0,0,0,0,2,0,1,1,0,8,0,0,0,0,0,0,29,0,0,0,25,0,5,0,0,0,0,0,0,3,0,0,20,0,0,0,0,0,0,0,0,36,0,1,0,1,0,0,0,0,0,0,11,2,0,0,0,0,0,0,0,0,0,0,0,0,2,162,0,0,0,0,0,0,0,196,0,0,2,0,0,0,521,16.8906,521,3,3,4,10,20,0.030710173,0.019193858,0.119001919,0.8125,0.0625,0,0.403225806,1.821496823,Fall,LDC,1.740601934
193,11,2005,6,0,189,0,50,0,0,0,0,2,0,0,1,0,9,0,2,0,3,0,3,2,0,0,0,7,0,2,0,0,0,0,0,1,28,1,0,16,0,0,0,0,0,0,0,0,60,0,0,0,0,0,1,0,1,0,0,43,2,0,0,4,0,0,0,0,0,0,0,7,0,1,12,0,0,0,0,0,0,0,50,0,0,2,0,0,0,499,60.12024,499,3,4,7,14,26,0.482965932,0.03006012,0.088176353,0.784232365,0.20746888,0.133333333,0.159090909,2.174472601,Spring,LDC,1.286694789
194,11,2005,10,0,7,0,36,0,0,0,0,8,0,0,9,0,14,0,1,0,1,0,0,20,0,0,0,18,0,0,0,0,0,0,0,0,5,0,0,43,0,0,0,0,0,0,0,0,121,0,2,0,0,0,1,0,0,0,0,15,2,0,0,1,0,0,0,0,0,0,0,0,0,1,115,0,1,0,0,0,0,0,71,1,0,1,0,0,0,494,24.08907,494,3,4,3,10,23,0.103238866,0.050607287,0.087044534,0.137254902,0.705882353,0.04,0.418604651,2.233998375,Fall,LDC,1.95581311
196,11,2006,10,0,10,0,4,0,0,7,0,8,0,0,4,1,15,0,0,0,0,0,0,98,0,0,0,29,0,5,0,0,0,0,0,0,4,4,0,11,0,4,0,0,0,0,0,1,134,0,0,0,1,0,0,0,0,0,0,37,1,0,0,2,0,0,0,0,0,0,0,1,0,0,83,0,0,0,0,0,0,0,9,0,0,3,0,0,0,476,39.70588,476,4,3,5,12,24,0.06092437,0.042016807,0.294117647,0.344827586,0.137931034,0,0.207142857,2.226324515,Fall,LDC,1.69090152
197,11,2007,6,0,14,0,9,0,0,0,0,1,0,0,0,2,3,0,0,0,1,0,3,12,0,0,0,0,0,15,0,12,0,0,0,0,3,0,0,30,0,1,0,0,0,0,0,2,222,0,0,0,1,0,0,0,0,0,0,18,9,0,0,0,0,0,0,0,0,0,0,2,0,0,74,0,0,0,0,0,0,0,53,0,0,3,0,0,0,490,15.30612,490,3,3,5,11,22,0.048979592,0.012244898,0.091836735,0.583333333,0.375,0,0,1.974859732,Spring,LDC,2.074099562
198,11,2007,10,0,20,0,2,0,1,0,0,13,0,0,17,1,14,0,0,0,0,0,0,27,0,0,0,13,0,5,0,1,0,0,0,0,3,0,0,9,0,0,0,0,0,0,0,0,259,0,0,0,7,0,0,0,0,0,0,12,2,0,0,1,0,0,1,0,0,0,0,0,0,0,81,0,0,0,0,0,1,0,3,0,0,2,0,0,0,495,23.63636,495,4,3,5,12,23,0.072727273,0.064646465,0.098989899,0.555555556,0.055555556,0,0.265306122,1.822269567,Fall,LDC,2.083270735
199,11,2008,6,0,6,0,0,0,0,0,0,0,0,2,10,2,3,0,0,0,0,0,0,1,0,0,0,1,1,12,0,0,0,0,0,0,8,0,0,8,0,0,0,0,0,0,0,0,283,0,0,0,1,0,0,0,3,0,0,19,6,0,5,1,0,0,0,0,0,0,0,1,0,0,60,0,0,0,5,0,0,1,53,0,2,6,0,0,0,500,9.2,500,1,4,5,10,25,0.012,0.034,0.046,1,0,0,0.043478261,1.721714905,Spring,LDC,1.952570843
200,11,2008,10,0,4,0,8,0,0,0,0,2,0,0,5,0,0,0,0,0,0,0,0,25,0,1,0,5,0,7,1,0,0,0,1,5,2,3,0,11,0,1,0,0,0,0,0,0,220,0,0,0,10,0,0,0,0,0,0,16,2,0,0,16,0,0,0,0,0,0,0,1,0,0,118,0,1,1,0,0,0,3,23,0,0,2,0,0,0,494,13.96761,494,3,1,9,13,27,0.028340081,0.010121457,0.101214575,0.285714286,0.571428571,0,0.1,1.944513605,Fall,LDC,2.111150407
201,11,2009,6,0,65,0,1,0,0,0,0,1,0,0,8,1,2,0,2,0,0,0,0,0,0,1,0,2,0,3,0,0,0,0,0,1,6,0,0,18,0,0,0,0,0,0,0,2,252,0,0,0,1,0,0,0,1,0,0,31,6,0,0,9,0,0,0,0,0,0,0,0,0,0,56,0,0,0,0,0,0,0,0,0,0,15,0,2,0,486,19.1358,486,3,4,5,12,23,0.137860082,0.026748971,0.026748971,0.970149254,0.014925373,0.153846154,0.153846154,1.764581872,Spring,LDC,1.240384637
202,11,2009,10,0,5,0,4,0,0,1,0,0,0,0,32,0,1,0,0,1,0,0,0,1,0,0,0,0,1,28,2,0,0,0,3,2,0,3,0,17,0,0,0,0,0,0,0,1,201,0,0,0,7,0,0,0,0,0,0,38,5,0,0,15,0,0,0,0,0,0,0,2,0,0,103,0,6,0,0,0,0,10,20,0,0,2,0,0,0,511,16.43836,511,3,3,7,13,26,0.019569472,0.066536204,0.078277886,0.5,0.4,0,0,2.114140189,Fall,LDC,1.72650841
203,11,2010,6,0,24,0,4,0,0,0,0,0,0,0,0,0,0,0,0,0,1,0,0,3,0,0,0,0,0,4,1,0,0,0,0,0,0,0,0,17,0,0,0,0,0,0,0,2,313,0,1,0,0,0,0,0,0,0,1,6,8,0,2,4,0,0,0,0,0,0,0,4,0,0,80,0,0,0,0,0,0,0,23,0,0,2,0,0,0,500,7.4,500,2,1,3,6,19,0.056,0.002,0.016,0.857142857,0.142857143,0,0,1.424564963,Spring,LDC,1.160661597
204,11,2010,10,0,8,0,1,0,0,0,0,1,0,0,25,0,0,0,0,0,0,0,0,3,0,0,0,4,0,0,0,0,0,0,0,2,0,0,0,7,0,0,0,0,0,0,0,1,209,0,0,0,5,0,0,0,0,0,0,29,4,0,1,1,0,0,0,0,0,0,0,3,0,2,150,0,2,0,1,0,0,0,9,1,0,24,0,0,0,493,8.92495,493,3,1,3,7,23,0.020283976,0.050709939,0.018255578,0.8,0.1,0,0.444444444,1.75027718,Fall,LDC,1.344763801
205,11,2011,6,0,33,0,9,0,0,0,0,1,0,0,0,1,4,0,2,0,1,0,0,1,0,0,0,1,0,2,0,0,0,0,0,1,1,2,0,34,0,0,0,0,0,0,0,1,377,0,0,0,3,0,0,0,0,0,0,4,10,0,1,5,0,0,0,0,0,0,0,1,0,0,21,0,0,0,0,0,0,0,39,0,0,0,0,1,0,556,10.61151,556,3,4,6,13,25,0.077338129,0.014388489,0.014388489,0.76744186,0.209302326,0.25,0.125,1.392327209,Spring,LDC,1.62221827
206,11,2011,10,0,2,0,13,0,0,2,0,17,0,0,46,0,12,0,0,0,0,0,0,64,0,0,0,9,0,13,0,0,0,0,0,0,1,0,0,19,0,0,0,0,0,0,0,0,107,0,1,0,4,0,0,0,0,0,0,18,4,0,5,7,0,0,0,0,0,0,0,1,0,1,81,0,3,1,0,0,0,3,1,0,0,43,0,0,0,478,37.4477,478,4,2,4,10,26,0.071129707,0.121338912,0.182008368,0.058823529,0.382352941,0,0.103448276,2.476779174,Fall,LDC,1.782325351
207,11,2012,6,2,17,0,10,0,0,0,0,1,0,2,3,0,4,0,0,2,0,0,0,0,0,0,0,1,0,0,0,0,0,0,0,0,3,3,0,13,0,0,0,0,0,0,1,3,321,0,0,0,0,0,0,0,0,0,0,18,5,0,0,2,0,0,0,0,0,0,0,0,0,0,32,0,3,0,0,0,0,0,49,0,0,5,0,0,0,500,9.6,500,4,4,3,11,22,0.06,0.022,0.014,0.566666667,0.333333333,0,0.142857143,1.521602444,Spring,LDC,1.979908325
209,11,2014,6,1,27,0,0,0,0,0,0,0,0,0,6,0,2,0,6,1,0,0,0,0,0,4,0,2,0,0,0,0,0,3,0,0,22,0,0,7,0,0,0,0,0,0,0,10,277,0,0,0,5,0,0,0,0,0,0,27,10,0,0,0,0,0,0,0,0,0,0,1,0,0,6,0,0,0,0,0,0,5,46,0,0,7,3,473,0,951,7.78128,951,2,4,4,10,23,0.029442692,0.015772871,0.032597266,0.964285714,0,0.4,0.064516129,1.578223142,Spring,LDC,1.735075282
211,11,2015,10,2,41,0,8,0,0,16,0,13,0,0,7,9,12,0,0,0,0,0,0,1,0,0,0,6,0,8,1,0,0,0,0,0,0,1,0,5,0,0,0,0,0,0,0,1,181,0,1,0,4,0,0,0,1,0,0,3,1,0,2,22,0,0,0,0,0,0,0,2,0,0,76,0,15,0,0,0,0,0,55,2,0,1,1,1,0,499,25.0501,499,5,3,5,13,31,0.160320641,0.056112224,0.034068136,0.5125,0.1,0,0.352941176,2.306017827,Fall,LDC,2.119630507
215,12,2003,6,0,52,0,12,0,0,0,0,3,0,0,0,1,18,0,2,0,1,0,0,3,0,0,0,0,2,2,0,0,0,0,0,0,4,3,0,6,0,0,0,0,0,0,0,1,315,0,0,0,0,0,0,0,0,0,0,1,0,0,0,2,0,0,0,0,0,0,0,2,0,0,27,1,0,0,0,0,0,0,40,0,0,2,0,0,0,500,20.6,500,3,4,5,12,22,0.134,0.044,0.028,0.776119403,0.179104478,0.090909091,0,1.489515511,Spring,LDC,1.655099707
216,12,2003,10,0,25,0,7,0,0,2,0,28,0,6,0,0,13,0,0,0,0,0,0,9,1,1,0,26,0,10,0,0,1,0,0,0,0,0,0,16,0,0,0,0,0,0,0,1,265,0,6,0,13,0,0,0,0,0,0,44,2,0,1,12,0,0,0,0,0,0,0,0,0,0,3,0,0,0,0,0,0,3,10,0,0,0,0,0,0,505,25.54455,505,4,2,6,12,24,0.122772277,0.037623762,0.095049505,0.403225806,0.112903226,0,0.541666667,1.97538099,Fall,LDC,2.066110328
217,12,2004,6,0,16,0,3,0,0,0,0,6,0,0,0,0,7,0,0,0,0,0,0,5,0,0,0,0,3,7,0,0,0,0,0,0,0,1,0,18,0,0,0,0,0,0,0,0,301,0,0,0,0,0,0,0,0,0,0,12,7,0,1,4,0,0,0,0,0,0,0,2,0,0,86,0,0,0,0,0,0,0,23,0,0,1,0,0,0,503,9.54274,503,3,1,4,8,18,0.049701789,0.013916501,0.031809145,0.64,0.12,0,0,1.519874602,Spring,LDC,1.850501391
218,12,2004,10,0,41,0,13,0,0,3,0,5,0,0,0,0,64,0,4,0,3,0,0,21,0,0,0,19,9,2,0,0,0,0,1,0,0,0,0,6,1,0,0,0,0,0,0,0,114,0,0,0,1,0,0,0,0,0,0,28,6,0,2,8,0,0,0,0,0,0,0,0,0,0,115,0,1,0,0,0,0,0,18,0,0,0,0,0,0,485,38.14433,485,4,3,5,12,23,0.127835052,0.146391753,0.107216495,0.661290323,0.209677419,0.056338028,0.365384615,2.319902905,Fall,LDC,1.906874842
219,12,2005,6,0,130,0,15,0,0,0,0,2,0,0,0,0,38,0,4,0,1,0,0,1,0,0,0,3,0,0,0,0,0,0,0,0,13,0,0,7,0,1,0,0,0,0,0,1,176,0,0,0,1,0,1,0,0,0,0,16,5,0,0,3,0,0,0,0,0,0,0,2,0,0,1,0,0,0,0,0,0,0,81,0,0,2,0,0,0,504,41.07143,504,3,3,3,9,22,0.291666667,0.08531746,0.033730159,0.884353741,0.102040816,0.093023256,0.176470588,1.88836413,Spring,LDC,1.201317074
220,12,2005,10,0,44,0,25,0,2,0,0,91,0,9,1,0,26,0,3,1,0,0,0,34,0,0,0,14,1,0,0,0,0,0,0,0,0,0,0,12,0,0,0,0,0,0,0,2,138,0,0,0,1,0,0,0,0,0,0,30,1,0,3,4,0,0,0,0,0,0,0,0,0,0,17,0,0,0,0,0,0,1,9,0,1,7,0,0,0,477,52.62055,477,4,5,3,12,25,0.339622642,0.083857442,0.102725367,0.271604938,0.154320988,0.075,0.285714286,2.356586133,Fall,LDC,1.846268965
221,12,2006,6,0,124,0,26,0,0,0,0,6,0,0,2,0,10,0,8,0,0,0,1,1,0,0,0,6,0,0,0,7,0,0,0,0,23,0,0,4,0,0,0,0,0,0,0,0,160,0,0,0,0,0,0,0,0,0,0,14,9,0,0,0,0,0,1,0,0,0,0,0,0,0,6,0,0,0,0,0,0,0,47,0,0,2,0,0,0,457,46.82713,457,3,3,5,11,19,0.341356674,0.043763676,0.083150985,0.794871795,0.166666667,0.4,0.157894737,1.990518686,Spring,LDC,1.484144457
222,12,2006,10,0,13,0,13,0,0,0,0,27,0,19,0,2,38,0,8,0,2,0,0,35,0,0,0,24,2,3,0,0,0,0,0,0,1,4,0,15,0,2,0,0,0,0,0,0,218,0,0,0,1,0,0,0,0,0,0,12,1,0,0,2,0,0,0,0,0,0,0,3,0,0,72,0,0,0,0,0,0,0,11,0,0,3,1,0,0,532,35.90226,532,3,5,6,14,26,0.09962406,0.129699248,0.129699248,0.245283019,0.245283019,0.115942029,0.347826087,2.218909618,Fall,LDC,2.214604333
223,12,2007,6,0,127,0,10,0,0,0,0,6,0,0,0,2,2,0,7,0,1,0,6,8,0,0,0,0,1,0,0,0,0,0,0,0,3,0,0,13,0,0,0,0,0,0,0,0,116,0,0,0,0,0,0,0,0,0,0,13,2,0,0,1,0,0,0,0,0,0,0,0,0,0,23,0,0,0,0,0,0,0,157,0,0,1,0,0,0,499,34.66934,499,3,4,4,11,19,0.286573146,0.024048096,0.036072144,0.888111888,0.06993007,0.583333333,0,1.858365585,Spring,LDC,1.129799956
224,12,2007,10,0,106,0,0,0,0,2,0,54,0,6,10,0,18,0,0,4,4,0,0,180,0,0,0,17,2,0,0,0,0,0,1,0,2,10,0,50,0,0,0,0,0,0,0,2,438,0,0,0,0,0,0,0,0,0,0,28,8,0,0,2,0,0,0,0,0,0,0,0,0,0,45,0,0,0,0,0,0,0,8,0,0,4,0,0,0,1001,41.55844,1001,3,5,6,14,23,0.161838162,0.041958042,0.211788212,0.654320988,0,0,0.080188679,1.941468918,Fall,LDC,1.66360658
225,12,2008,6,0,8,0,0,0,0,1,0,1,0,0,0,0,4,0,1,0,0,0,0,0,0,0,0,0,2,5,0,0,0,0,0,0,0,0,0,13,0,0,0,0,0,0,0,0,403,0,0,0,0,0,0,0,0,0,0,12,0,0,8,0,0,0,0,0,0,0,0,0,0,0,40,0,0,0,0,0,1,0,8,0,0,1,0,0,0,508,4.33071,508,3,2,2,7,15,0.019685039,0.00984252,0.013779528,0.8,0,0.2,0,0.9405941279,Spring,LDC,1.654033649
226,12,2008,10,0,42,0,8,0,0,4,0,16,0,0,7,4,6,0,1,1,1,0,0,22,0,0,0,1,0,15,0,0,0,0,0,0,3,0,0,45,0,0,0,0,0,0,0,3,151,0,0,0,1,0,0,0,0,0,0,43,1,0,0,4,0,0,0,0,0,0,0,0,0,1,89,0,0,1,0,0,0,0,20,0,1,2,0,0,0,493,26.57201,493,4,6,4,14,27,0.14198783,0.040567951,0.0831643,0.6,0.114285714,0.05,0.024390244,2.313452599,Fall,LDC,2.086182953
228,12,2009,10,0,7,0,12,0,1,2,0,8,0,0,23,2,7,0,1,0,0,0,0,10,0,0,0,2,3,42,3,0,0,0,2,0,0,0,0,64,0,2,0,0,0,0,0,4,153,0,5,0,8,0,0,0,0,0,0,67,0,0,25,20,0,0,0,0,0,0,0,1,0,0,56,1,1,0,0,0,0,0,1,0,0,6,0,0,0,539,23.19109,539,5,4,6,15,30,0.055658627,0.06122449,0.115027829,0.233333333,0.4,0.03030303,0.032258065,2.478879887,Fall,LDC,2.124646959
229,12,2010,6,0,45,0,4,0,0,0,0,1,0,0,0,2,6,0,1,0,0,0,0,2,1,0,0,0,12,1,0,0,0,0,0,0,2,2,0,22,0,0,0,0,0,0,0,3,295,0,1,0,4,0,0,0,0,0,0,7,7,0,0,4,0,0,0,0,0,0,0,1,0,0,34,0,0,0,0,0,0,0,34,0,0,4,0,0,0,495,15.9596,495,3,3,6,12,24,0.101010101,0.018181818,0.04040404,0.9,0.08,0.111111111,0,1.664601546,Spring,LDC,1.54717439
230,12,2010,10,0,33,0,8,0,0,0,0,6,0,0,5,2,7,0,2,1,0,0,0,14,0,0,0,3,1,2,0,0,0,1,0,0,1,0,0,31,0,0,0,0,0,0,0,0,158,0,2,0,6,0,0,0,0,0,0,4,5,0,6,0,0,0,0,0,0,0,0,1,0,1,178,0,0,0,0,0,0,0,6,0,0,7,0,0,0,491,17.51527,491,3,5,6,14,26,0.095723014,0.034623218,0.044806517,0.70212766,0.170212766,0.117647059,0.136363636,1.940758448,Fall,LDC,2.025964484
231,12,2011,6,0,44,0,14,0,0,0,0,0,0,0,2,0,4,0,2,0,0,0,0,0,0,0,0,2,0,2,0,0,0,0,0,0,3,0,0,23,0,0,0,0,0,0,0,0,344,0,0,0,2,0,0,0,0,0,0,8,5,0,0,3,0,0,0,0,0,0,0,0,0,0,7,0,0,0,0,0,0,1,60,0,1,0,0,0,0,527,13.85199,527,2,3,3,8,18,0.110056926,0.015180266,0.013282732,0.75862069,0.24137931,0.25,0.285714286,1.371196959,Spring,LDC,1.306386314
232,12,2011,10,0,1,0,3,0,0,1,0,6,0,9,6,0,5,0,2,0,2,0,0,0,0,0,0,2,0,17,3,0,0,0,0,0,0,3,0,4,1,0,0,0,0,0,0,5,151,0,0,0,7,0,0,0,0,0,0,17,5,0,8,19,0,0,0,0,0,0,0,0,0,0,176,0,44,0,0,0,0,5,0,0,0,1,0,0,0,503,11.92843,503,4,5,4,13,26,0.021868787,0.047713718,0.049701789,0.090909091,0.272727273,0.083333333,0.08,2.044359722,Fall,LDC,2.235438814
233,12,2012,6,0,42,0,12,0,0,0,0,1,0,0,4,1,5,1,4,0,0,0,0,5,0,0,0,1,0,0,0,1,0,2,0,0,4,3,1,13,0,0,0,0,0,0,0,0,399,0,0,0,0,0,0,0,0,0,0,5,0,0,2,1,0,0,0,0,0,0,0,0,0,0,17,0,0,0,0,0,0,0,61,0,0,9,0,0,0,593,14.67116,594,3,5,7,15,23,0.092748735,0.02529511,0.028667791,0.763636364,0.218181818,0.266666667,0.058823529,1.391142518,Spring,LDC,1.888746665
234,12,2012,10,0,41,0,2,0,0,0,0,19,0,3,4,0,25,0,6,1,1,0,0,88,1,1,0,5,0,23,0,0,0,0,1,0,2,6,0,4,0,0,0,0,0,0,0,2,138,0,0,0,1,0,0,0,1,0,0,27,4,0,1,5,0,0,0,0,0,0,0,0,0,0,22,0,1,0,0,0,0,2,3,0,0,0,0,3,0,443,51.693,443,3,6,8,17,31,0.139954853,0.090293454,0.286681716,0.661290323,0.032258065,0.15,0.039370079,2.363736659,Fall,LDC,1.957928974
235,12,2013,10,1,50,0,10,0,4,0,0,60,0,2,12,2,6,0,3,4,0,0,0,37,0,0,0,2,0,18,0,0,0,0,0,0,5,16,0,1,0,0,0,0,0,0,0,1,129,0,2,0,7,0,0,0,0,0,0,15,1,0,0,6,0,0,0,0,0,0,0,2,0,1,53,0,0,0,0,0,0,0,1,0,0,7,1,0,0,459,50.54466,459,5,6,5,16,30,0.272331155,0.063180828,0.169934641,0.4,0.08,0.103448276,0.025641026,2.488661623,Fall,LDC,2.164662157
236,12,2014,6,0,5,0,0,0,0,0,0,2,0,0,0,0,2,0,0,0,0,0,0,0,0,0,0,0,0,1,0,0,0,1,0,0,0,0,0,3,0,0,0,0,0,0,0,2,458,0,0,0,0,0,0,0,0,0,0,0,2,0,0,0,0,0,0,0,0,0,0,0,0,0,0,0,0,0,0,0,0,0,0,0,0,25,0,0,0,501,2.19561,501,2,1,2,5,10,0.013972056,0.003992016,0.003992016,0.714285714,0,0,0,0.4277001062,Spring,LDC,1.414279065
237,12,2014,10,0,0,0,0,0,0,0,0,2,0,1,0,2,11,0,0,0,0,0,0,4,0,0,0,0,0,11,0,1,0,0,0,0,2,3,0,22,0,0,0,0,0,0,0,6,325,0,5,0,15,0,0,0,0,0,0,25,1,0,2,12,0,0,0,0,0,2,0,0,0,0,12,0,1,0,0,0,0,0,0,0,0,10,0,0,0,475,7.78947,475,1,3,5,9,22,0.004210526,0.029473684,0.044210526,0,0,0,0,1.466257656,Fall,LDC,1.833793767
241,13,2003,6,0,29,0,39,0,0,0,0,4,0,0,0,0,63,0,1,0,1,0,0,2,0,0,0,9,1,0,0,0,0,0,0,2,16,4,0,6,0,0,0,0,0,0,0,0,243,0,0,0,0,0,0,0,0,0,0,12,5,0,0,15,0,0,0,0,0,0,0,0,0,0,10,0,0,0,0,0,0,0,38,0,0,0,0,0,0,500,34.2,500,3,3,6,12,19,0.144,0.13,0.068,0.402777778,0.541666667,0.015384615,0.264705882,1.902545466,Spring,LDC,1.752497735
242,13,2003,10,0,4,0,12,0,0,4,0,1,0,4,1,3,22,0,7,0,0,0,0,14,0,0,0,37,0,1,0,0,0,0,0,0,4,0,0,8,0,0,0,0,0,0,0,0,336,0,0,0,0,0,0,0,0,0,0,12,0,0,0,1,0,0,0,0,0,0,0,0,0,0,11,0,0,0,0,0,0,0,15,0,0,0,0,1,0,498,22.89157,498,4,5,4,13,20,0.042168675,0.074297189,0.112449799,0.19047619,0.571428571,0.189189189,0.660714286,1.456170446,Fall,LDC,2.039088827
243,13,2004,6,0,8,0,43,0,0,0,0,3,0,0,0,0,24,0,0,1,3,0,4,5,0,0,0,8,1,0,0,0,0,0,0,0,4,1,0,3,0,0,0,0,0,0,0,0,265,0,0,0,0,0,0,0,1,0,0,22,6,0,0,12,0,0,0,0,0,0,0,1,0,0,49,0,0,0,0,0,0,0,35,0,0,2,0,0,0,501,20.95808,501,3,3,6,12,22,0.107784431,0.055888224,0.045908184,0.148148148,0.796296296,0,0.347826087,1.834717835,Spring,LDC,1.825339591
244,13,2004,10,0,11,0,67,0,0,0,0,0,3,3,1,0,105,0,5,0,1,0,4,11,0,0,0,84,0,0,3,0,0,0,0,0,6,0,0,8,0,0,0,0,0,0,0,0,82,0,0,0,2,0,0,0,0,0,0,15,1,0,1,11,0,0,0,0,0,0,0,0,0,0,72,0,0,0,0,0,0,0,3,0,0,0,0,0,0,499,60.92184,499,3,5,5,13,22,0.162324649,0.230460922,0.216432866,0.135802469,0.827160494,0.043478261,0.777777778,2.248973581,Fall,LDC,1.672445518
245,13,2005,6,0,104,0,59,0,0,3,0,11,0,1,0,1,42,0,21,4,1,0,4,8,0,19,0,15,0,1,0,6,0,0,1,1,8,2,0,8,0,0,0,0,0,0,0,0,105,0,0,0,0,0,1,0,0,0,0,41,7,0,2,4,0,0,0,0,0,0,0,0,0,0,9,0,0,1,0,0,0,0,49,0,0,1,2,0,0,542,57.56458,542,4,6,10,20,32,0.326568266,0.129151292,0.119926199,0.587570621,0.333333333,0.3,0.230769231,2.591323701,Spring,LDC,2.130040024
246,13,2005,10,0,12,0,47,0,0,9,0,21,0,18,8,3,39,0,16,1,0,0,0,64,0,0,0,7,0,0,0,0,0,0,1,0,18,12,0,11,0,0,0,0,0,0,0,0,67,0,0,0,1,0,1,0,0,0,0,48,0,0,0,10,0,0,0,0,0,0,0,0,0,0,56,0,0,0,0,0,0,0,16,0,0,0,1,0,0,487,56.67351,487,4,6,5,15,24,0.18275154,0.174537988,0.209445585,0.134831461,0.528089888,0.188235294,0.068627451,2.712612814,Fall,LDC,2.304025308
247,13,2006,6,0,54,0,46,0,0,0,0,2,0,0,5,0,33,0,12,0,1,0,7,4,0,0,0,5,0,4,0,0,0,0,0,0,22,1,0,4,0,0,0,0,0,0,0,3,116,0,0,0,0,0,1,0,0,0,0,21,14,0,0,1,0,0,1,0,0,0,0,1,0,0,15,0,0,0,0,0,0,0,115,0,0,6,0,0,0,494,39.67611,494,3,4,6,13,25,0.206477733,0.103238866,0.087044534,0.529411765,0.450980392,0.235294118,0.11627907,2.364994601,Spring,LDC,1.977494223
248,13,2006,10,0,25,0,29,0,0,2,0,1,0,2,3,1,108,0,14,0,0,0,1,95,0,0,0,53,0,0,0,0,0,0,0,0,12,0,0,3,0,0,0,0,0,0,0,0,82,0,1,0,1,0,1,0,0,0,0,38,5,0,0,1,0,0,0,0,0,0,0,2,0,0,11,0,0,0,0,0,0,0,2,0,0,1,0,0,0,494,70.04049,494,4,5,4,13,25,0.115384615,0.259109312,0.325910931,0.438596491,0.50877193,0.109375,0.329192547,2.294762311,Fall,LDC,1.801145332
249,13,2007,6,0,11,0,26,0,0,0,0,0,0,0,4,10,30,0,8,0,1,0,3,6,0,0,0,1,1,0,0,0,0,0,0,0,17,5,0,9,0,0,0,0,0,0,0,2,228,0,0,0,1,0,1,0,3,0,0,25,22,0,0,5,0,0,0,0,0,0,0,1,0,2,27,0,0,0,0,0,0,0,58,0,0,3,0,0,0,510,24.11765,510,2,5,6,13,27,0.07254902,0.103921569,0.064705882,0.297297297,0.702702703,0.150943396,0.03030303,2.18074814,Spring,LDC,2.140736792
250,13,2007,10,0,13,0,13,0,0,3,0,34,0,1,13,2,64,0,4,0,0,0,0,167,0,0,0,23,0,2,0,0,0,0,0,0,1,0,0,6,0,0,0,0,0,0,0,0,133,0,0,0,2,0,0,0,0,0,0,15,1,0,0,3,0,0,0,0,0,0,0,0,0,0,10,0,0,0,0,1,0,0,4,0,0,0,0,0,0,515,66.01942,515,4,5,4,13,22,0.122330097,0.163106796,0.374757282,0.206349206,0.206349206,0.047619048,0.119170984,2.068577889,Fall,LDC,1.639143451
251,13,2008,6,0,3,0,0,0,0,0,0,1,0,0,11,1,23,0,5,0,1,0,0,7,0,0,0,1,0,0,0,1,0,0,0,0,4,11,0,26,0,0,0,0,0,0,0,3,228,0,0,0,11,0,0,0,0,0,0,50,24,0,1,28,0,0,0,0,0,0,0,1,0,0,4,2,0,0,4,3,0,1,27,0,2,4,0,0,0,488,14.13934,488,2,5,5,12,29,0.008196721,0.084016393,0.049180328,0.75,0,0.12195122,0.041666667,2.14237278,Spring,LDC,1.982227695
252,13,2008,10,0,11,0,10,0,0,16,0,46,0,0,14,3,53,0,5,0,0,0,0,46,0,0,0,22,3,1,0,0,0,0,1,0,7,24,0,6,0,0,0,0,0,0,0,0,140,0,0,0,0,0,0,0,0,0,0,34,5,0,0,7,0,0,0,0,0,0,0,1,0,0,9,0,0,0,0,0,0,1,42,0,0,2,0,0,0,509,51.47348,509,4,4,7,15,25,0.163064833,0.147347741,0.2043222,0.13253012,0.120481928,0.066666667,0.211538462,2.541504,Fall,LDC,2.263352667
254,13,2009,10,0,8,0,10,0,0,7,0,15,0,0,50,0,13,0,5,0,0,0,0,109,0,0,0,41,1,0,0,0,0,1,0,2,7,13,0,9,0,0,0,0,0,0,1,0,77,0,0,0,0,0,0,0,2,0,0,91,4,0,0,9,0,0,0,0,0,0,0,0,0,0,10,0,0,0,0,0,0,1,19,0,1,0,0,0,0,506,55.73123,506,4,3,7,14,25,0.079051383,0.134387352,0.343873518,0.2,0.25,0.073529412,0.235632184,2.464067747,Fall,LDC,1.943816398
255,13,2010,6,0,7,0,11,0,0,3,0,0,0,0,1,0,16,0,3,0,0,0,3,0,0,0,0,1,0,2,0,2,0,0,0,0,3,8,0,13,0,0,0,0,0,0,0,0,155,0,0,0,2,0,0,0,1,0,0,8,7,0,1,6,0,0,0,0,0,0,0,2,0,1,58,0,0,0,0,0,0,0,169,0,0,1,0,0,0,484,12.39669,484,3,3,6,12,25,0.04338843,0.041322314,0.039256198,0.333333333,0.523809524,0.15,0.052631579,1.906258779,Spring,LDC,2.145159444
256,13,2010,10,0,12,0,12,0,0,2,0,18,0,9,2,1,7,0,0,0,0,0,0,11,0,0,0,15,1,0,0,0,0,0,1,0,7,4,0,12,0,0,0,0,0,0,0,7,201,0,0,0,2,0,0,0,0,0,0,11,1,0,0,7,0,0,0,0,0,0,0,0,0,1,73,0,0,0,0,0,0,0,69,0,0,11,0,0,0,497,20.52314,497,4,4,6,14,25,0.088531187,0.038229376,0.078470825,0.272727273,0.272727273,0,0.384615385,2.169708865,Fall,LDC,2.330878875
257,13,2011,6,0,23,0,25,0,0,0,0,4,0,1,3,0,9,0,0,0,0,0,0,2,0,0,0,4,0,0,0,1,0,0,0,0,12,1,0,1,0,0,0,0,0,0,0,1,317,0,0,0,1,0,0,0,0,0,0,9,6,0,0,7,0,0,0,0,0,0,0,1,0,0,3,0,1,0,0,0,0,0,70,0,0,0,0,2,0,504,16.86508,504,3,3,5,11,23,0.103174603,0.025793651,0.03968254,0.442307692,0.480769231,0,0.2,1.496684169,Spring,LDC,1.878478907
258,13,2011,10,1,2,0,9,0,0,4,0,21,0,0,14,9,20,0,5,0,0,0,0,27,3,0,0,12,0,19,0,0,0,1,5,0,9,31,0,7,0,0,0,0,0,0,0,1,135,0,0,0,2,0,0,0,2,0,0,15,7,0,0,15,0,0,0,0,0,0,0,0,0,0,36,0,1,0,0,0,0,8,11,0,0,2,0,0,0,434,44.23963,434,5,4,8,17,30,0.085253456,0.110599078,0.246543779,0.054054054,0.243243243,0.104166667,0.112149533,2.696461383,Fall,LDC,2.509330842
260,13,2012,10,0,20,0,4,0,0,2,0,40,0,4,9,0,39,0,2,0,0,0,0,93,3,0,0,6,0,10,0,4,0,0,0,0,1,8,0,25,0,0,0,0,0,0,0,2,169,0,0,0,4,0,0,0,0,0,0,10,1,0,0,2,0,0,0,0,0,0,0,0,0,0,23,0,1,0,0,0,0,1,0,0,0,2,0,0,0,485,50.51546,485,4,4,7,15,26,0.136082474,0.111340206,0.257731959,0.303030303,0.060606061,0.037037037,0.048,2.250501234,Fall,LDC,1.971579027
261,13,2013,10,0,17,0,37,0,0,23,0,63,0,2,9,3,40,0,0,0,0,0,0,91,1,0,0,25,0,4,0,0,0,2,3,0,14,2,0,4,0,0,0,0,0,0,0,2,58,0,0,0,6,0,0,0,0,0,0,23,0,0,0,4,0,0,0,0,0,0,0,0,0,0,39,0,0,0,0,0,0,0,27,0,0,1,0,0,0,500,67.2,500,4,4,8,16,25,0.28,0.108,0.284,0.121428571,0.264285714,0,0.176056338,2.655248434,Fall,LDC,2.167006126
262,13,2014,6,0,4,0,7,0,0,3,0,1,0,0,1,1,20,0,1,0,0,0,0,1,0,0,0,2,0,4,0,0,0,3,0,0,1,2,0,9,0,0,0,1,0,0,0,9,354,0,0,0,5,0,0,0,0,0,0,6,6,0,0,9,0,0,0,0,0,0,0,0,0,2,10,0,0,0,0,0,0,2,18,0,0,2,3,484,0,971,5.25232,971,4,4,6,14,29,0.015447992,0.023686921,0.01338826,0.266666667,0.466666667,0.043478261,0.153846154,1.392533276,Spring,LDC,2.088872028
263,13,2014,10,0,8,0,1,0,1,9,0,12,0,0,16,2,3,0,0,0,0,0,0,0,0,0,0,1,0,4,0,0,0,0,1,0,1,5,0,5,0,0,0,0,0,0,0,20,199,0,0,0,11,0,0,0,0,0,0,6,0,0,0,22,0,0,0,0,0,0,0,0,0,0,124,0,1,0,3,0,0,7,9,0,0,8,1,0,0,480,13.33333,480,5,3,5,13,26,0.064583333,0.04375,0.025,0.258064516,0.032258065,0,0.083333333,2.01243476,Fall,LDC,2.145361972
264,13,2015,10,0,1,0,10,0,0,29,0,34,0,8,7,0,3,0,2,0,0,0,0,2,2,0,0,4,0,7,0,0,0,0,0,0,0,4,0,18,0,0,0,0,0,0,0,10,212,0,0,0,8,0,0,0,1,0,0,12,0,0,0,24,0,0,0,0,0,0,0,0,0,2,48,0,0,0,1,0,0,13,5,0,0,4,0,0,0,471,23.99151,471,4,4,5,13,26,0.157112527,0.042462845,0.040339703,0.013513514,0.135135135,0.1,0.210526316,2.202837659,Fall,LDC,2.04599811
274,15,2003,6,0,94,0,2,0,0,0,0,16,0,0,0,0,0,0,33,0,0,0,0,1,0,17,0,159,7,1,0,0,0,2,0,0,6,0,0,0,0,0,0,0,0,0,0,0,108,0,0,0,0,0,0,0,0,0,0,36,0,0,0,0,0,0,0,0,0,0,0,0,0,0,4,0,0,3,0,0,0,0,7,0,0,4,0,0,0,500,67.6,500,3,1,7,11,17,0.224,0.066,0.386,0.839285714,0.017857143,1,0.823834197,1.970953029,Spring,SQ,1.479611605
276,15,2004,6,0,108,0,11,0,0,2,0,33,0,0,9,0,2,0,25,0,0,0,0,2,0,4,0,56,2,16,0,0,0,0,0,0,1,0,0,2,0,0,0,0,0,0,0,1,141,0,2,0,0,0,0,0,0,0,0,74,1,0,0,1,0,0,0,0,0,0,0,0,0,0,9,0,0,4,0,0,1,0,1,0,1,1,1,0,0,511,53.03327,511,4,3,6,13,27,0.301369863,0.070450098,0.15851272,0.701298701,0.071428571,0.694444444,0.691358025,2.197954379,Spring,SQ,1.806730791
278,15,2005,6,0,106,0,1,0,0,0,0,3,0,0,1,0,0,0,22,0,0,0,0,2,0,2,0,13,0,5,0,0,0,0,0,0,3,0,0,2,0,0,0,0,0,0,0,0,203,0,0,0,0,0,0,0,0,0,0,38,0,0,1,0,0,0,0,0,0,0,0,0,0,0,8,0,0,1,0,0,1,0,68,0,0,1,0,1,0,482,32.78008,482,3,2,5,10,20,0.228215768,0.047717842,0.05186722,0.963636364,0.009090909,0.956521739,0.52,1.76642693,Spring,SQ,1.182321162
279,15,2005,10,0,150,0,6,0,13,1,0,0,0,0,20,0,0,0,11,1,0,0,0,3,0,0,2,26,4,1,0,0,0,0,0,0,0,0,0,0,0,3,0,0,0,0,0,0,125,0,0,0,0,0,0,0,0,0,0,72,0,0,2,0,0,0,0,0,0,0,0,0,0,2,9,0,0,6,0,0,1,0,38,0,0,1,7,0,0,504,47.22222,504,4,3,5,12,23,0.337301587,0.063492063,0.071428571,0.882352941,0.035294118,0.34375,0.722222222,2.120087336,Fall,SQ,1.367566872
280,15,2006,6,0,122,0,2,0,0,0,0,5,0,0,2,0,2,0,51,0,0,0,0,0,0,0,0,15,0,1,0,0,0,0,1,0,5,0,0,2,0,0,0,0,0,0,0,0,113,0,0,0,0,0,0,0,0,0,0,32,5,0,0,0,0,0,1,0,0,0,0,0,0,0,13,0,0,1,0,0,0,0,115,0,0,2,0,0,0,490,42.04082,490,3,3,4,10,19,0.263265306,0.112244898,0.044897959,0.945736434,0.015503876,0.927272727,0.681818182,1.962704739,Spring,SQ,1.213858256
282,15,2007,6,0,88,0,5,0,0,0,0,11,0,0,0,0,0,0,33,0,0,0,0,4,0,14,0,123,0,2,0,0,1,1,0,0,3,0,0,0,0,0,0,0,0,0,0,0,75,0,0,0,0,0,0,0,0,0,0,91,1,0,0,0,0,0,0,0,0,0,0,0,0,0,0,0,0,0,0,0,0,0,42,0,0,9,1,0,0,504,56.54762,504,3,1,7,11,17,0.206349206,0.06547619,0.293650794,0.846153846,0.048076923,1,0.831081081,2.086027874,Spring,SQ,1.502007728
283,15,2007,10,0,46,0,4,0,0,5,0,0,0,0,47,0,0,0,20,0,0,0,0,4,0,4,0,107,0,2,0,0,2,0,0,0,0,0,0,2,0,0,0,0,0,0,0,1,80,0,1,0,0,0,0,0,0,0,0,120,5,0,3,0,0,0,0,0,0,0,0,0,0,1,8,0,0,1,0,0,0,0,18,0,0,23,3,0,0,507,47.53452,507,3,2,5,10,23,0.108481262,0.132149901,0.234714004,0.836363636,0.072727273,0.298507463,0.899159664,2.250250449,Fall,SQ,1.565970863
284,15,2008,6,0,143,0,6,0,1,0,0,8,0,0,1,0,2,0,15,0,0,0,0,1,0,6,0,72,7,10,1,0,0,3,0,0,4,0,0,8,0,0,0,0,0,0,0,0,74,0,0,0,0,0,0,0,0,0,0,55,0,0,2,0,0,0,0,0,0,0,0,1,0,0,13,0,1,4,0,1,3,0,47,0,1,4,0,1,0,495,56.56566,495,4,3,8,15,29,0.319191919,0.036363636,0.21010101,0.905063291,0.037974684,0.833333333,0.692307692,2.326740691,Spring,SQ,1.551794345
285,15,2008,10,0,55,0,0,0,13,1,0,0,0,0,22,0,0,0,12,0,0,0,0,1,0,0,0,177,0,0,0,0,0,0,0,0,0,0,0,0,0,0,0,0,0,0,0,0,23,0,2,0,0,0,0,0,0,0,0,154,0,0,1,0,0,0,0,0,0,1,0,0,0,4,10,0,0,0,0,0,0,0,18,0,0,0,11,0,0,505,55.64356,505,3,2,2,7,16,0.136633663,0.067326733,0.352475248,0.797101449,0,0.352941176,0.994382022,1.838031414,Fall,SQ,1.12679601
286,15,2009,6,0,166,0,4,0,0,1,0,13,0,0,0,0,11,0,13,0,0,0,0,2,0,3,0,104,2,2,0,0,0,9,0,0,4,0,0,2,0,0,0,0,0,0,0,0,64,0,0,0,0,0,0,0,0,0,0,33,1,0,1,0,0,0,0,0,0,0,0,0,0,0,1,1,0,1,0,0,0,0,71,0,0,1,2,0,0,512,65.23438,512,4,2,7,13,24,0.359375,0.046875,0.24609375,0.902173913,0.02173913,0.541666667,0.825396825,2.056973699,Spring,SQ,1.430924665
287,15,2009,10,0,89,0,2,0,2,9,0,0,0,0,19,0,0,0,19,0,0,0,0,1,0,1,0,164,14,7,0,0,0,2,1,0,1,0,0,1,0,0,0,0,0,0,0,0,39,0,3,0,0,0,0,0,0,0,0,86,1,0,0,0,0,0,0,0,0,0,0,0,0,0,5,0,1,5,0,0,5,0,22,0,1,0,0,0,0,500,66.2,500,4,2,8,14,25,0.204,0.076,0.382,0.87254902,0.019607843,0.5,0.858638743,2.14567068,Fall,SQ,1.505267952
288,15,2010,6,0,163,0,27,0,0,0,0,109,0,0,4,0,5,0,32,0,0,0,0,0,0,2,0,4,0,2,0,0,0,0,0,0,1,0,0,6,0,0,0,0,0,0,0,1,73,0,2,0,0,0,0,0,0,0,0,55,2,0,5,2,0,0,0,0,0,0,0,0,0,1,2,0,0,1,0,1,0,0,34,0,0,3,4,0,0,541,64.51017,541,3,3,4,10,25,0.552680222,0.075785582,0.01663586,0.545150502,0.090301003,0.780487805,0.444444444,2.151522146,Spring,SQ,1.37530264
289,15,2010,10,0,62,0,4,0,63,10,0,0,0,3,26,0,0,0,10,0,0,0,0,1,0,0,0,35,25,8,1,0,0,0,1,0,1,1,0,0,0,0,0,0,0,0,2,0,27,0,3,0,0,0,0,0,0,0,0,128,0,0,8,0,0,0,0,0,0,0,0,0,0,6,20,0,0,1,0,0,4,0,47,0,0,0,1,0,0,498,50.40161,498,4,3,8,15,26,0.279116466,0.078313253,0.146586345,0.446043165,0.028776978,0.256410256,0.479452055,2.481387947,Fall,SQ,2.027255107
290,15,2011,6,0,73,0,36,0,0,1,0,99,0,0,7,0,5,0,30,1,0,0,0,0,0,0,10,7,0,2,0,0,2,0,0,0,3,2,0,0,0,0,0,0,0,0,0,1,95,0,3,0,0,0,0,0,0,0,1,74,0,0,0,0,0,0,0,0,0,0,0,0,0,0,4,0,1,4,0,0,0,0,21,0,0,10,0,0,0,492,56.50407,492,4,4,6,14,24,0.424796748,0.087398374,0.052845528,0.349282297,0.172248804,0.697674419,0.269230769,2.320255111,Spring,SQ,1.796925034
291,15,2011,10,0,27,0,12,0,11,20,0,0,0,0,44,0,1,0,13,0,0,0,0,1,0,0,23,43,1,18,2,0,2,0,0,0,2,10,0,12,0,0,0,0,0,0,0,0,40,0,6,0,0,0,0,0,0,0,0,122,1,0,57,0,0,0,0,0,0,0,0,0,0,0,19,0,4,8,0,2,1,0,15,0,0,1,1,0,0,519,44.31599,519,4,3,9,16,30,0.134874759,0.111753372,0.196531792,0.385714286,0.171428571,0.224137931,0.421568627,2.719646014,Fall,SQ,2.316313866
292,15,2012,6,0,67,0,40,0,2,0,0,27,0,0,9,1,4,0,29,0,0,0,0,1,0,1,0,8,1,7,0,1,1,2,0,0,2,0,0,2,0,0,0,0,0,0,0,0,184,0,0,0,0,0,0,0,0,0,0,44,0,0,0,0,0,0,0,0,0,0,0,0,0,0,10,0,1,3,0,0,0,3,15,0,0,8,1,0,0,474,42.827,474,4,4,9,17,27,0.286919831,0.0907173,0.050632911,0.492647059,0.294117647,0.674418605,0.333333333,2.193189757,Spring,SQ,1.984906751
293,15,2012,10,0,7,0,5,0,28,14,0,2,0,0,28,0,0,0,2,0,0,0,0,0,0,1,17,7,0,11,7,0,0,0,1,0,0,13,0,8,0,0,0,0,0,0,0,2,88,0,5,0,0,0,0,0,0,0,0,131,4,0,8,1,0,0,0,0,0,0,0,0,0,0,44,0,0,7,0,0,14,0,0,0,0,41,1,0,0,497,28.77264,497,5,2,7,14,27,0.112676056,0.060362173,0.114688129,0.125,0.089285714,0.066666667,0.122807018,2.538749776,Fall,SQ,2.283684049
296,15,2014,10,0,49,0,6,0,48,6,0,0,0,0,17,0,0,0,4,0,0,0,0,3,0,0,38,17,1,6,4,0,1,0,0,0,0,0,0,13,0,0,0,0,0,0,0,0,56,0,7,0,0,0,0,0,0,0,0,54,0,0,29,2,0,0,0,0,0,0,0,0,0,16,78,0,2,4,0,1,0,0,8,0,0,0,0,1,0,471,42.46285,471,4,2,7,13,26,0.231422505,0.044585987,0.148619958,0.449541284,0.055045872,0.19047619,0.242857143,2.666574436,Fall,SQ,2.009756201
297,15,2015,10,0,96,0,40,0,0,21,0,10,0,0,12,0,0,0,0,0,0,0,0,11,0,4,0,21,0,45,0,0,13,0,0,0,3,29,0,2,0,0,0,0,0,0,0,0,5,0,0,0,0,0,0,0,0,0,0,71,0,0,0,2,0,0,0,2,0,0,0,0,0,1,16,0,4,0,0,0,0,0,39,0,0,2,6,0,0,455,67.03297,455,4,1,7,12,23,0.367032967,0.026373626,0.276923077,0.574850299,0.239520958,0,0.166666667,2.571908861,Fall,SQ,2.100767932
298,16,2005,6,0,357,0,15,0,0,0,0,6,0,0,0,0,6,0,33,3,0,0,0,39,0,9,0,222,0,0,0,0,0,24,0,0,0,0,0,0,0,0,0,0,0,0,0,0,81,0,3,0,0,0,0,0,0,0,0,36,0,0,0,0,0,0,0,0,0,0,0,0,0,0,9,0,0,6,0,3,0,0,618,0,0,0,3,0,0,1473,48.47251,1473,3,3,4,10,18,0.256619145,0.028513238,0.199592668,0.944444444,0.03968254,0.785714286,0.755102041,1.725432634,Spring,SQ,1.36433433
299,16,2005,10,0,24,0,3,0,51,0,0,0,0,0,66,0,0,0,18,0,0,0,0,3,0,0,0,54,12,0,0,0,3,9,9,0,0,0,0,12,0,0,0,0,0,0,0,12,417,0,24,0,0,0,0,0,0,0,0,297,0,0,57,0,0,0,0,0,0,0,0,0,0,81,219,0,18,33,0,0,12,3,27,0,0,0,45,0,0,1509,16.6998,1509,3,2,6,11,25,0.051689861,0.055666004,0.059642147,0.307692308,0.038461538,0.214285714,0.6,2.376765443,Fall,SQ,1.957993075
300,16,2006,6,0,870,0,24,0,0,0,0,48,0,0,3,0,0,0,36,0,0,0,0,36,0,24,0,102,0,6,0,0,0,15,0,0,0,0,0,3,0,0,0,0,0,0,0,0,183,0,0,0,0,0,0,0,0,0,0,42,6,0,0,0,0,0,0,0,0,0,0,3,0,0,12,0,0,0,0,0,0,0,168,0,0,0,3,0,0,1584,73.48485,1584,3,2,5,10,18,0.59469697,0.024621212,0.115530303,0.923566879,0.025477707,0.923076923,0.557377049,1.671571823,Spring,SQ,1.036094378
301,16,2006,10,0,72,0,3,0,21,3,0,0,0,0,69,0,0,0,0,15,0,0,0,30,0,0,0,300,21,0,0,0,3,261,0,0,0,0,0,0,0,9,0,0,0,0,0,0,123,0,105,0,0,0,0,0,0,0,0,333,0,0,12,0,0,0,0,0,0,12,0,3,0,0,15,0,0,42,0,0,3,0,30,0,0,3,0,0,0,1488,53.62903,1488,4,2,5,11,23,0.066532258,0.056451613,0.413306452,0.727272727,0.03030303,0,0.487804878,2.308079867,Fall,SQ,1.614487037
302,16,2007,6,0,99,0,15,0,21,0,0,0,0,0,0,0,0,0,75,0,0,0,0,87,0,3,0,294,6,0,0,0,3,210,0,0,0,0,0,6,0,0,0,0,0,0,0,6,249,0,9,0,0,0,0,0,0,0,0,252,0,0,18,0,0,0,0,0,0,0,12,0,0,3,15,0,3,39,24,0,24,0,15,0,0,0,9,0,0,1497,54.30862,1497,3,1,6,10,25,0.090180361,0.0501002,0.402805611,0.733333333,0.111111111,1,0.487562189,2.391778726,Spring,SQ,1.678559562
303,16,2007,10,0,30,0,0,0,90,3,0,0,0,0,81,0,0,0,3,0,0,0,3,93,0,6,3,153,24,0,0,3,18,69,0,0,0,0,0,18,0,0,0,0,0,0,0,9,144,0,51,0,0,0,0,0,0,0,0,234,0,0,39,0,0,0,0,0,0,3,0,6,0,6,291,0,0,75,0,0,39,0,3,0,0,0,15,0,0,1512,38.29365,1512,3,2,9,14,28,0.081349206,0.055555556,0.246031746,0.243902439,0,0.035714286,0.411290323,2.63654534,Fall,SQ,2.040333563
304,16,2008,6,0,171,0,12,0,216,3,0,3,0,0,21,0,6,0,141,0,0,0,0,102,0,0,0,84,0,12,0,0,0,39,30,0,0,0,0,0,0,12,0,0,0,0,0,3,189,0,27,0,0,0,3,0,0,0,0,186,0,0,15,0,0,0,0,0,0,0,24,0,0,3,33,0,3,30,0,0,0,0,105,0,0,0,42,0,0,1515,55.44554,1515,5,3,5,13,27,0.267326733,0.110891089,0.176237624,0.422222222,0.02962963,0.839285714,0.314606742,2.68290663,Spring,SQ,2.009800256
305,16,2008,10,0,90,0,0,0,18,0,0,0,0,0,3,0,0,0,3,0,0,0,0,6,0,0,3,186,45,0,0,0,0,102,3,0,0,0,0,3,0,0,0,0,0,0,0,0,306,0,18,0,0,0,0,0,0,0,0,165,0,0,24,0,0,0,0,0,0,0,0,0,0,6,30,0,0,15,0,0,3,0,459,0,0,0,39,0,0,1527,30.05894,1527,2,2,6,10,21,0.070726916,0.003929273,0.225933202,0.833333333,0,0.5,0.539130435,2.142655207,Fall,SQ,1.562646318
306,16,2009,6,0,432,0,9,0,6,0,0,3,0,0,3,0,0,0,24,3,0,0,0,24,0,3,0,156,0,3,0,0,0,159,0,0,0,0,0,0,0,0,0,0,0,0,0,3,48,0,3,0,0,0,0,0,0,0,0,78,0,0,6,0,3,0,0,0,0,3,0,0,0,0,0,0,0,9,6,0,0,0,579,0,0,0,9,0,0,1572,52.48092,1572,4,3,5,12,23,0.286259542,0.019083969,0.219465649,0.96,0.02,0.8,0.452173913,1.833965005,Spring,SQ,1.364056713
307,16,2009,10,0,186,0,0,0,27,0,0,0,0,0,0,0,0,0,24,0,0,0,0,18,0,0,6,111,60,0,0,0,24,84,3,0,0,0,0,6,0,75,0,0,0,0,0,6,228,0,195,0,0,0,3,3,0,0,0,180,0,0,27,0,0,0,0,0,0,3,0,0,0,3,15,45,0,15,3,0,3,0,81,0,0,0,6,0,0,1440,37.70833,1440,2,1,7,10,28,0.147916667,0.016666667,0.2125,0.873239437,0,1,0.362745098,2.63204473,Fall,SQ,1.840013034
308,16,2010,6,0,408,0,15,0,6,6,6,9,0,0,0,0,0,0,3,0,0,0,0,12,0,0,0,9,0,3,0,0,0,0,0,0,0,0,0,0,0,0,0,0,0,0,0,0,30,0,9,0,0,0,0,0,0,0,0,12,0,0,3,0,0,0,0,0,0,0,0,0,0,0,18,0,3,18,0,0,0,0,903,0,0,0,0,0,0,1473,32.38289,1473,6,1,3,10,18,0.305498982,0.00203666,0.016293279,0.906666667,0.033333333,1,0.375,1.184341002,Spring,SQ,0.7137847791
309,16,2010,10,0,132,0,0,0,261,6,0,0,0,0,27,0,0,0,12,0,0,0,0,15,0,0,0,57,60,0,0,0,6,168,12,0,0,0,0,3,0,0,0,0,0,0,0,3,180,0,150,0,0,0,0,0,0,0,0,264,3,0,51,0,0,0,0,0,0,0,3,3,0,6,30,0,0,87,0,6,54,0,3,0,0,0,15,0,0,1617,46.75325,1617,3,2,6,11,27,0.246753247,0.024118738,0.196660482,0.330827068,0,0.307692308,0.179245283,2.577677736,Fall,SQ,1.807198193
310,16,2011,6,0,1014,0,99,0,9,0,0,78,0,0,6,0,3,0,12,0,0,0,0,12,0,0,3,96,0,6,0,0,3,0,0,0,0,0,0,3,0,3,0,0,0,0,0,0,108,0,0,0,0,0,0,3,0,0,0,15,0,0,0,3,0,0,0,0,0,0,0,0,0,0,33,0,0,24,0,0,0,6,75,0,0,0,0,0,0,1614,83.0855,1614,4,3,5,12,22,0.743494424,0.013011152,0.074349442,0.845,0.0825,0.571428571,0.8,1.538804684,Spring,SQ,0.9653167567
311,16,2011,10,0,24,138,0,0,243,6,0,36,0,0,66,0,0,0,3,0,0,0,0,12,0,3,15,78,3,0,15,0,9,123,3,6,3,0,0,0,0,27,0,0,0,0,0,6,153,0,6,0,0,0,0,0,0,0,0,291,0,0,15,3,0,0,0,0,0,0,0,0,0,0,78,0,48,48,0,0,3,3,3,0,0,0,0,0,0,1470,53.46939,1470,5,2,11,18,31,0.304081633,0.046938776,0.183673469,0.053691275,0,0.043478261,0.288888889,2.611961108,Fall,SQ,2.090481226
312,16,2012,6,0,90,0,144,0,21,6,0,36,0,0,3,0,0,0,12,0,0,0,0,0,0,9,3,21,0,6,66,0,0,0,0,0,0,0,0,54,0,6,0,0,0,0,0,3,186,0,12,0,0,0,0,0,0,0,0,0,0,0,0,6,0,0,0,0,0,0,3,0,0,0,78,0,0,24,0,0,18,0,0,0,0,0,3,0,0,810,51.48148,810,5,2,5,12,23,0.366666667,0.018518519,0.12962963,0.303030303,0.484848485,0.8,0.2,2.452812989,Spring,SQ,1.880288833
313,16,2012,11,0,81,57,0,0,738,3,0,0,0,0,81,0,0,0,3,0,0,0,0,33,0,0,3,123,15,0,60,0,30,51,0,0,0,0,0,0,0,15,0,0,0,0,0,12,687,0,60,0,0,0,0,12,0,0,0,237,0,0,75,0,0,0,0,0,0,0,0,0,0,15,453,0,6,78,0,0,27,0,12,0,0,0,9,0,0,2976,42.94355,2976,4,2,7,13,27,0.295362903,0.028225806,0.105846774,0.092150171,0,0.035714286,0.39047619,2.332281779,Fall,SQ,1.580221729
314,16,2013,10,0,132,3,0,0,156,0,0,6,0,0,69,0,0,0,0,0,0,0,0,3,0,3,0,57,27,0,6,0,78,96,0,0,0,0,0,48,0,0,0,0,0,0,0,6,99,0,9,0,0,0,0,0,0,0,0,327,0,0,21,0,0,0,0,0,0,0,3,0,0,15,150,3,3,0,3,0,0,0,51,0,0,66,9,0,0,1449,43.89234,1449,4,1,7,12,27,0.204968944,0.047619048,0.186335404,0.444444444,0,0,0.211111111,2.605225526,Fall,SQ,1.968891022
315,16,2014,6,0,30,12,12,0,24,18,0,0,0,0,39,0,0,0,15,0,0,0,0,9,0,0,0,21,39,0,0,0,0,9,6,3,0,0,0,6,0,6,0,0,0,0,0,9,189,0,18,0,0,0,0,0,0,0,0,228,0,0,3,0,0,0,0,0,0,0,12,0,0,0,87,0,6,36,0,3,3,0,0,0,0,0,0,0,0,843,28.11388,843,5,2,6,13,26,0.113879004,0.06405694,0.103202847,0.3125,0.125,0.277777778,0.24137931,2.451028557,Spring,SQ,2.371504726
316,16,2014,10,12,6,0,0,0,57,0,0,3,0,0,0,6,0,54,18,0,3,0,0,0,0,0,0,72,24,0,0,0,18,15,21,0,0,93,0,6,6,3,27,0,0,0,0,0,84,0,108,0,0,6,0,0,0,0,0,420,0,0,24,0,0,3,0,0,0,9,3,0,0,12,177,0,0,90,0,3,0,0,9,0,0,0,63,12,0,1467,27.40286,1467,4,4,6,14,33,0.053169734,0.055214724,0.165644172,0.076923077,0,0.222222222,0.296296296,2.647076581,Fall,SQ,2.220071888
317,16,2015,10,0,27,0,0,0,27,0,0,0,0,0,0,0,0,0,6,0,0,0,0,0,0,0,0,24,21,0,6,0,0,0,0,0,0,0,0,6,18,9,0,0,0,0,0,9,138,0,0,0,0,0,0,0,0,0,0,69,0,0,36,3,0,0,0,0,0,0,0,0,0,6,108,3,0,48,0,0,0,0,12,0,0,0,0,0,0,576,19.27083,576,2,1,3,6,19,0.09375,0.010416667,0.088541667,0.5,0,1,0.470588235,2.411615418,Fall,SQ,1.649308872